0.268,1.352,1.035,-0.332,0.217,0
0.307,1.272,2.656,-0.946,-0.467,0
0.307,1.272,2.656,-0.946,-0.467,0
0.912,2.285,-0.449,-0.159,-0.099,0
0.912,2.285,-0.449,-0.159,-0.099,0
0.912,2.285,-0.449,-0.159,-0.099,0
0.874,3.03,-0.496,0.243,0.48,0
0.58,1.755,1.087,0.334,0,0
1.371,1.441,-0.287,0.167,-0.171,0
0.64,2.462,1.133,-0.335,0,0
0.64,2.462,1.133,-0.335,0,0
0.17,1.356,0.82,0.333,0,0
1.118,2.528,-0.347,-0.151,0.189,0
0.398,1.547,1.228,0.466,-0.268,0
0.333,1.292,1.023,0.455,-0.199,0
0.333,1.292,1.023,0.455,-0.199,0
3.06,0.584,0.224,0.326,-0.088,0
0.336,0.875,2.576,1.339,-0.557,0
3.279,0.547,0.317,0.463,0.166,0
1.312,1.232,0.433,0.375,-0.391,0
1,1.739,0.89,0.369,-0.599,0
1,1.739,0.89,0.369,-0.599,0
0.389,3.191,-0.499,-0.204,-0.136,0
0.249,1.039,3.199,-0.81,-0.372,0
0.249,1.297,2.72,-0.722,-0.384,0
2.153,1.127,0.359,-0.105,-0.062,0
0.264,1.209,2.464,-0.669,-0.305,0
0.797,2.197,-0.479,-0.19,0,0
0.157,0.841,0.912,2.023,-0.689,0
1.022,1.607,-0.248,-0.109,0.11,0
1.127,2.254,-0.299,0.172,-0.16,0
-0.155,1.643,1.345,0.62,0.372,0
1.408,1.792,-0.344,-0.124,-0.081,0
0.145,0.392,0.477,2.189,-0.911,0
2.917,1.008,0.494,0.432,0.385,0
0.181,1.132,2.038,-0.56,0,0
0.451,1.433,-0.363,-0.198,-0.189,0
0.118,0.384,0.41,0.973,1.363,0
0.247,1.17,2.051,-0.56,0.573,0
0.106,0.455,0.989,1.748,0,0
2.411,1.293,0.256,0.226,-0.103,0
3.167,0.529,-0.143,0.172,-0.063,0
3.684,0.362,-0.1,-0.07,0.052,0
0.308,2.612,-0.517,0.271,0.174,0
0.965,1.317,-0.295,-0.121,-0.067,0
0.636,0.8,1.945,0.737,0.362,0
0.241,1.884,0.49,0.272,-0.103,0
0.34,0.757,2.362,0.896,0.515,0
0.159,1.028,1.872,-0.768,-0.553,0
2.072,0.268,-0.11,0.081,-0.082,0
0.641,2.998,-0.526,-0.204,-0.144,0
0.134,0.681,1.628,1.01,0.56,0
1.936,0.848,0.203,0.154,0.112,0
0.523,2.012,0.604,0.371,-0.31,0
0.608,2.771,-0.436,0.249,-0.268,0
0.54,0.904,2.359,-0.803,-0.314,0
0.48,1.042,1.914,-0.442,-0.221,0
1.518,1.411,-0.23,0.135,-0.08,0
1.518,1.411,-0.23,0.135,-0.08,0
0.205,1.397,1.363,0.508,-0.177,0
1.007,2.845,-0.424,0.422,0.617,0
1.203,2.741,0.944,0.313,-0.141,0
0.305,2.821,-0.423,-0.432,1.228,0
2.209,1.314,0.443,0.529,0.745,0
2.209,1.314,0.443,0.529,0.745,0
0.566,2.962,-0.624,0.388,-0.181,0
0.134,0.334,0.428,1.189,0,0
0.648,3.489,-0.54,0.344,0.273,0
0.541,2.888,-0.673,-0.254,-0.152,0
0.173,0.375,0.527,-0.324,0,0
1.942,0.607,0.137,0.203,-0.139,0
0.266,0.825,2.484,-0.527,-0.319,0
0.141,1.079,1.308,-0.341,-0.166,0
0.227,1.501,1.921,0.993,1.152,0
0.671,1.538,-0.334,0.191,-0.129,0
0.671,1.538,-0.334,0.191,-0.129,0
1.239,1.892,0.585,0.715,0.741,0
0.363,0.694,1.93,0.798,-0.367,0
1.346,2.116,-0.304,-0.166,-0.145,0
0.518,2.673,1.493,0.691,-0.269,0
2.055,1.169,0.301,0.235,-0.066,0
1.947,0.99,0.181,0.14,0.135,0
2.848,0.753,1.285,-0.31,-0.125,0
0.119,0.807,1.294,1.762,0,0
0.088,0.611,0.697,2.181,0,0
0.366,1.727,0.828,0.386,-0.202,0
0.175,0.896,2.265,0.928,0,0
1.52,1.396,-0.232,0.133,-0.081,0
1.52,1.396,-0.232,0.133,-0.081,0
3.393,0.377,-0.111,-0.077,-0.055,0
0.346,1.786,1.235,0.459,-0.209,0
1.654,1.517,0.68,0.716,0.826,0
0.252,1.166,3.149,-0.726,-0.404,0
1.104,2.076,0.701,1.452,-0.314,0
1.396,2.19,-0.475,0.617,0.98,0
0.536,0.795,2.354,1.06,-0.347,0
0.335,2.197,-0.365,-0.168,-0.104,0
2.64,0.625,0.155,0.106,0.058,0
0.762,1.413,0.5,0.195,-0.081,0
0.935,2.671,-0.605,-0.191,0.793,0
1.292,1.044,-0.364,0.134,0,0
0.495,2.202,-0.38,-0.156,-0.088,0
0.385,1.242,0.828,-0.34,0.466,0
0.749,2.548,0.543,1.353,-0.331,0
0.215,0.588,0.602,0.68,0,0
0.264,1.064,2.082,-0.627,-0.305,0
0.238,0.454,1.589,1.379,0.692,0
0.626,3.136,0.601,0.879,-0.316,0
0.626,3.136,0.601,0.879,-0.316,0
0.734,2.821,1.114,0.415,-0.179,0
0.277,1.079,2.757,-0.688,0,0
0.277,1.079,2.757,-0.688,0,0
0.83,1.972,-0.46,-0.185,0,0
0.145,0.331,0.458,-0.741,0,0
0.928,1.866,1.028,-0.282,-0.136,0
1.577,1.626,0.78,0.399,0.394,0
0.705,2.407,-0.348,-0.18,-0.124,0
0.238,2.446,-0.545,0.576,0,0
0.657,0.49,0.812,2.008,-0.561,0
0.657,0.49,0.812,2.008,-0.561,0
2.095,0.66,-0.09,0.068,-0.04,0
0.27,1.23,2.807,-0.812,-0.394,0
1.58,1.639,0.709,0.28,0.357,0
0.367,1.526,1.57,1.01,1.05,0
0.327,1.291,1.152,0.541,-0.517,0
0.193,1.16,1.667,-0.594,0,0
0.966,2.283,0.617,1.456,-0.431,0
0.243,1.017,2.191,-0.814,0,0
0.6,1.791,1.23,0.983,1.141,0
1.022,1.834,-0.253,-0.106,0.1,0
0.942,0.966,-0.214,0.107,0.116,0
0.534,2.408,-0.476,0.345,1.087,0
0.284,1.152,2.329,1.276,0,0
3.388,-0.334,0.176,0.112,-0.06,0
0.223,0.395,0.399,1.207,1.386,0
0.499,1.932,1.74,0.682,0,0
0.836,1.403,-0.26,-0.336,2.016,0
2.479,0.616,-0.1,-0.064,-0.044,0
1.622,1.951,-0.313,-0.136,0.141,0
0.167,0.752,1.922,0.984,0,0
2.84,1.351,0.36,0.679,-0.16,0
1.677,1.795,-0.379,-0.269,0.929,0
0.281,1.699,0.663,0.266,-0.115,0
2.935,-0.233,-0.109,0.077,0.063,0
0.339,0.519,1.95,1.181,0.563,0
0.255,1,2.106,-0.959,-0.365,0
0.26,2.668,0.663,0.708,0,0
0.371,1.194,1.549,0.687,-0.474,0
2.203,-0.374,-0.128,-0.092,-0.065,0
0.584,2.299,0.586,0.344,-0.144,0
0.723,3.151,-0.514,0.284,-0.198,0
0.723,3.151,-0.514,0.284,-0.198,0
0.618,2.822,-0.629,0.446,1.001,0
0.206,1.345,1.822,0.693,0,0
0.238,0.454,1.589,1.38,0.692,0
2.522,0.476,0.192,0.146,-0.051,0
0.435,2.408,1.477,0.701,0,0
0.279,0.929,2.174,1.115,-0.46,0
1.251,0.944,-0.18,0.093,0,0
1.251,0.944,-0.18,0.093,0,0
0.478,3.147,-0.605,-0.303,-0.331,0
0.184,1.364,1.415,0.658,-0.626,0
1.335,0.559,0.149,0.139,-0.214,0
1.834,2.557,-0.313,-0.143,-0.099,0
3.027,-0.315,0.164,-0.109,-0.113,0
0.216,1.59,1.132,0.486,-0.201,0
2.51,-0.217,0.213,0.159,-0.092,0
0.15,0.661,1.404,2.273,0,0
1.864,2.255,-0.325,0.235,0.309,0
0.386,1.576,1.853,-0.535,-0.264,0
0.196,0.525,0.651,1.087,2.552,0
0.4,3.424,-0.563,-0.259,-0.152,0
0.524,2.181,-0.506,0.329,0,0
-0.193,2.404,0.942,0.491,0,0
0.944,1.258,0.308,-0.109,0.072,0
0.434,0.381,0.882,0.984,1.251,0
0.115,0.444,-0.433,2.178,0,0
0.115,0.444,-0.433,2.178,0,0
0.65,2.903,-0.763,-0.301,-0.153,0
0.515,1.952,1.204,-0.345,-0.175,0
0.332,1.406,1.79,-0.444,-0.255,0
0.294,1.19,2.566,-0.72,-0.33,0
0.524,2.625,0.931,0.481,-0.194,0
0.348,0.918,2.355,1.037,0.421,0
0.281,0.576,0.628,-0.346,0.99,0
0.397,0.967,2.542,-0.79,-0.333,0
0.114,0.366,0.477,-0.74,2.273,0
0.687,2.277,1.469,-0.354,-0.167,0
0.687,2.277,1.469,-0.354,-0.167,0
0.502,2.169,0.845,-0.253,-0.158,0
0.337,1.18,1.616,0.741,-0.396,0
0.337,1.18,1.616,0.741,-0.396,0
0.279,0.892,2.474,-0.531,-0.307,0
0.514,2.276,-0.549,-0.189,0.132,0
0.216,0.365,0.371,0.981,1.464,0
1.667,0.772,0.16,0.123,0.089,0
0.215,2.081,-0.428,0.287,-0.181,0
0.504,2.248,1.15,0.412,-0.189,0
0.096,0.337,0.513,1.485,0,0
2.115,0.421,0.154,0.121,-0.149,0
0.89,3.092,-0.538,0.417,0.337,0
1.719,0.6,-0.104,0.089,0.068,0
1.21,2.364,-0.326,-0.155,0.235,0
0.472,3.394,-0.518,0.625,-0.199,0
1.101,0.717,-0.101,0.068,-0.068,0
0.201,1.369,1.387,0.507,-0.177,0
0.647,1.483,1.368,0.627,1.016,0
0.647,1.483,1.368,0.627,1.016,0
2.963,0.322,0.206,0.088,0.11,0
0.535,2.167,0.702,0.414,-0.364,0
0.516,1.952,1.204,-0.345,-0.176,0
0.857,2.735,-0.45,-0.187,-0.199,0
0.857,2.735,-0.45,-0.187,-0.199,0
2.981,0.333,0.158,-0.073,0.056,0
3.75,-0.256,0.24,0.194,-0.071,0
0.636,3.198,-0.554,0.31,0.274,0
0.717,0.72,2.504,-0.794,0.427,0
0.397,2.703,-0.6,0.372,0,0
0.559,2.521,1.509,0.648,-0.272,0
2.999,0.473,-0.124,-0.072,-0.048,0
3.909,0.584,-0.13,-0.087,0.057,0
1.527,1.36,-0.303,-0.137,-0.092,0
2.131,1.245,0.448,0.45,0.656,0
1.858,0.758,0.135,0.139,-0.177,0
0.352,1.531,1.81,0.97,1.126,0
2.866,-0.213,0.166,0.1,-0.094,0
0.816,3.026,-0.454,-0.198,-0.133,0
0.749,2.044,0.938,1.239,-0.376,0
1.146,2.943,-0.451,0.472,-0.213,0
0.643,1.547,-0.301,0.156,-0.065,0
1.293,1.097,-0.78,-0.596,-0.315,0
2.832,-0.255,0.122,0.118,-0.058,0
2.205,0.544,0.162,0.096,-0.072,0
0.286,0.602,2.168,1.21,0.553,0
-0.146,2.06,1,0.441,0,0
0.14,0.369,0.453,2.025,-0.919,0
0.309,2.579,-0.51,-0.213,-0.305,0
0.301,2.09,0.976,0.867,-0.439,0
0.099,0.472,1.064,1.996,-0.781,0
0.268,2.019,1.212,0.629,0,0
0.139,0.838,2.266,-0.714,-0.61,0
-0.158,1.356,2.289,-0.745,0,0
0.494,1.763,1.245,0.454,0.188,0
0.334,1.01,2.931,-0.842,0,0
0.353,2.236,-0.549,0.309,-0.279,0
0.293,1.714,0.461,0.22,-0.097,0
0.69,2.921,-0.568,-0.222,-0.139,0
0.096,0.326,0.449,1.419,1.145,0
0.77,1.607,0.427,0.183,-0.079,0
0.461,2.512,-0.492,1.421,-0.411,0
0.542,2.204,-0.316,-0.17,0.116,0
0.288,0.891,1.932,1.42,-0.454,0
3.426,0.753,-0.143,-0.091,-0.053,0
2.046,0.532,2.079,-0.445,-0.161,0
2.046,0.532,2.079,-0.445,-0.161,0
3.597,0.63,0.352,0.407,-0.137,0
0.677,1.413,0.316,0.194,-0.141,0
1.441,0.97,0.396,0.265,-0.164,0
0.837,2.421,-0.601,-0.271,-0.136,0
0.192,1.598,0.768,0.319,0.17,0
0.072,0.333,0.556,0.507,0.438,0
0.139,0.342,0.668,1.827,0,0
0.967,2.689,-0.413,-0.337,0.813,0
0.94,2.129,1.846,-0.441,0.542,0
1.246,2.16,-0.339,0.221,0.151,0
0.636,1.985,-0.362,-0.162,0,0
1.806,1.66,-0.352,-0.111,0.11,0
0.198,1.65,0.707,0.333,0.179,0
0.198,1.65,0.707,0.333,0.179,0
0.107,0.392,0.376,0.874,1.125,0
0.924,2.334,-0.479,-0.175,-0.109,0
0.088,0.271,0.34,0.455,0,0
1.945,1.221,1.189,1.071,-0.285,0
0.853,0.786,-0.195,-0.065,0.062,0
0.397,0.91,1.412,-0.616,0,0
1.825,0.588,0.146,0.207,-0.123,0
0.328,0.765,2.081,0.818,-0.35,0
0.265,1.442,0.681,0.306,0.115,0
0.236,1.165,2.107,-0.919,-0.514,0
0.216,0.365,0.371,0.981,1.464,0
2.891,-0.298,-0.102,0.079,-0.057,0
0.936,2.239,0.778,1.064,0.411,0
1.903,0.797,0.211,0.146,-0.076,0
3.43,0.548,0.239,0.161,0.286,0
3.085,-0.229,-0.104,0.071,0.065,0
3.085,-0.229,-0.104,0.071,0.065,0
-0.887,0.963,-0.431,-0.154,-0.076,0
1.636,2.166,1.094,0.594,-0.172,0
2.055,1.169,0.301,0.234,-0.066,0
1.841,0.911,0.342,0.199,-0.323,0
2.092,1.178,0.318,0.242,-0.067,0
0.191,0.609,1.806,0.81,1.11,0
0.382,1.752,0.792,0.371,-0.183,0
1.549,2.37,-0.361,0.215,0.596,0
2.843,0.346,0.273,0.154,-0.08,0
2.843,0.346,0.273,0.154,-0.08,0
0.175,0.478,0.669,-0.757,1.83,0
0.144,0.875,1.999,1.127,-0.534,0
0.346,0.925,2.396,1.064,0.419,0
0.128,0.351,0.582,2.105,-0.626,0
0.193,2.092,1.05,-0.462,0,0
0.339,1.547,1.298,-0.443,0,0
0.34,0.428,1.703,1.236,1.018,0
1.499,2.131,-0.409,0.323,0.803,0
1.461,1.555,0.384,0.271,0.149,0
3.184,0.486,-0.108,-0.064,-0.038,0
1.056,1.866,-0.335,0.211,0.134,0
1.056,1.866,-0.335,0.211,0.134,0
-0.201,1.086,0.823,-0.403,0.201,0
1.645,0.571,2.275,-0.58,-0.221,0
0.575,2.035,0.566,1.846,-0.496,0
0.87,2.786,0.874,-0.276,-0.154,0
0.282,1.739,0.825,0.329,0.161,0
0.16,1.022,1.933,-0.625,-0.261,0
0.291,1.161,2.308,0.877,-0.369,0
0.9,1.372,0.327,-0.1,-0.067,0
2.725,0.297,0.192,0.222,-0.084,0
1.801,0.853,1.353,0.85,0.525,0
0.29,1.224,2.774,-0.656,-0.308,0
0.29,1.224,2.774,-0.656,-0.308,0
0.288,0.765,0.644,1.642,1.58,0
0.138,0.753,1.175,1.894,0,0
0.138,0.753,1.175,1.894,0,0
0.138,0.753,1.175,1.894,0,0
2.582,0.47,-0.132,-0.076,0.119,0
-1.7,-1.279,0.451,0.202,0,0
0.74,3.204,-0.77,0.383,0.183,0
1.857,1.077,1.08,-0.289,0.194,0
0.317,0.745,1.503,1.61,1.167,0
0.123,0.586,0.849,2.496,-0.797,0
0.123,0.586,0.849,2.496,-0.797,0
1.347,2.597,-0.453,-0.2,-0.113,0
2.459,0.293,0.129,0.075,0.061,0
0.206,1.328,1.4,-0.406,0,0
0.206,1.328,1.4,-0.406,0,0
1.593,0.577,0.174,0.153,0.075,0
0.087,0.585,-0.67,2.38,0,0
1.237,0.948,-0.251,0.103,-0.06,0
0.561,3.107,-0.531,0.303,0.445,0
1.466,1.585,0.44,1.371,-0.439,0
0.185,1.098,2.485,-0.698,-0.39,0
0.304,1.637,0.555,0.261,-0.107,0
0.191,1.054,2.259,-0.708,0,0
0.212,2.228,-0.589,0.295,0.18,0
0.212,2.228,-0.589,0.295,0.18,0
0.565,1.954,1.013,-0.52,1.881,0
0.349,2.027,-0.418,-0.151,-0.091,0
0.234,1.108,1.884,-0.552,0,0
0.456,1.419,2.22,-0.713,0,0
1.998,1.349,-0.185,-0.08,0.104,0
2.898,0.474,1.043,-0.234,-0.099,0
-0.504,1.951,0.828,-0.28,-0.175,0
1.519,1.395,-0.232,0.133,-0.081,0
0.125,0.295,0.459,0.62,-0.96,0
0.184,0.813,1.764,1.109,0,0
0.249,0.553,1.892,1.658,-0.571,0
1.138,2.163,-0.383,0.261,-0.189,0
3.537,0.411,-0.117,-0.073,0.066,0
0.978,1.539,0.567,-0.178,0.141,0
0.409,3.187,-0.635,0.427,-0.187,0
1.191,2.054,-0.432,-0.203,0.223,0
1.233,1.407,0.373,0.184,0.117,0
0.702,2.288,1.742,-0.424,0.243,0
0.628,1.575,-0.285,0.148,-0.066,0
2.56,-0.244,-0.113,0.112,-0.058,0
0.388,0.955,2.328,-0.656,-0.296,0
0.922,2.302,-0.467,0.227,-0.127,0
0.195,1.464,1.667,0.714,-0.627,0
1.04,0.784,-0.154,0.067,0,0
0.235,0.368,0.404,1.219,2.13,0
0.669,2.047,0.887,-0.248,-0.124,0
0.608,3.531,-0.689,0.293,-0.151,0
3.154,0.61,-0.149,-0.08,-0.049,0
2.841,0.346,0.273,0.154,-0.079,0
0.253,1.317,1.506,-0.454,-0.214,0
1.462,1.329,0.322,-0.099,0.112,0
2.217,-0.195,0.139,0.103,0.09,0
1.237,1.274,-0.234,-0.1,-0.061,0
1.237,1.274,-0.234,-0.1,-0.061,0
0.262,2.524,-0.395,0.238,0.168,0
0.262,2.524,-0.395,0.238,0.168,0
0.608,1.52,-0.344,-0.129,-0.074,0
0.205,1.163,1.643,-0.499,-0.2,0
2.347,0.928,0.413,-0.108,-0.065,0
0.522,1.165,2.095,-0.565,-0.24,0
0.414,2.107,1.243,0.686,0,0
0.273,1.057,1.926,1.731,0,0
0.283,1.349,0.535,-0.203,-0.119,0
0.245,0.624,2.375,1.077,0.457,0
1.988,1.974,0.622,-0.18,-0.101,0
0.281,2.246,0.648,0.255,0.281,0
0.489,2.921,-0.47,0.255,-0.161,0
1.313,1.232,0.433,0.375,-0.391,0
1.757,0.972,0.866,1.579,-0.449,0
0.327,1.618,-0.42,0.321,-0.126,0
1.075,2.002,0.578,1.461,-0.355,0
0.436,3.27,-0.513,0.338,0.678,0
0.363,0.994,2.446,-0.692,-0.384,0
2.391,0.639,-0.107,0.13,-0.053,0
0.551,1.145,2.271,0.668,-0.272,0
1.017,1.05,0.256,0.202,-0.089,0
2.063,1.161,-0.167,0.103,0.107,0
1.57,1.472,-0.265,-0.09,0.08,0
0.326,1.658,2.22,-0.567,0,0
0.508,2.252,0.998,0.403,-0.207,0
0.985,2.18,0.614,1.548,-0.434,0
0.339,1.855,0.577,0.288,0.139,0
3.052,0.536,0.24,-0.165,0.48,0
0.227,1.27,1.582,-0.591,-0.315,0
0.182,0.418,1.202,1.724,-0.667,0
2.255,1.117,0.414,0.448,-0.257,0
0.49,3.202,-0.624,-0.301,0,0
0.701,2.062,-0.513,-0.242,-0.126,0
1.439,2.014,-0.531,-0.168,-0.103,0
0.351,1.331,1.073,0.488,-0.213,0
0.614,1.697,-0.442,-0.163,-0.105,0
0.366,0.414,0.889,1.934,-0.584,0
0.533,3.131,-0.44,-0.27,-0.308,0
0.122,0.592,1.288,2.546,-0.849,0
1.482,1.502,0.527,0.413,-0.19,0
0.86,2.661,-0.397,-0.18,-0.131,0
1.097,2.087,-0.549,0.2,0.245,0
2.303,1.264,0.682,-0.171,0.19,0
0.598,2.171,0.671,0.332,0.201,0
1.528,0.54,0.179,0.149,0.07,0
0.64,2.521,1.073,0.387,-0.215,0
0.257,1.15,1.834,-0.751,-0.301,0
0.27,1.134,1.964,-0.518,-0.235,0
0.146,0.786,0.39,0.702,0.91,0
0.448,2.085,-0.403,-0.169,-0.09,0
0.605,2.452,-0.534,0.304,0,0
2.441,0.306,0.14,0.176,-0.065,0
0.279,0.67,1.702,1.477,-0.447,0
0.248,0.667,0.729,-0.804,2.286,0
1.268,1.104,2.24,-0.564,-0.208,0
0.154,0.388,0.555,2.153,-0.829,0
1.578,2.225,-0.495,0.215,-0.104,0
0.364,0.859,2.071,-0.622,-0.32,0
0.111,0.558,1.359,2.035,-0.662,0
0.225,1.555,1.428,0.732,-0.22,0
0.148,0.495,1.125,0.907,0.82,0
3.067,-0.27,0.438,0.21,-0.082,0
1.021,2.361,-0.378,0.228,-0.162,0
3.603,0.538,0.434,-0.097,-0.057,0
3.624,-0.245,0.444,0.171,-0.069,0
1.183,1.857,-0.264,-0.114,0.095,0
0.997,1.896,0.829,1.479,-0.4,0
0.436,0.822,2.479,1.382,-0.472,0
0.917,2.238,-0.446,0.247,-0.135,0
3.192,0.675,0.813,-0.202,-0.083,0
1.402,1.426,0.472,-0.145,-0.088,0
0.327,2.711,0.738,0.307,0.191,0
2.909,0.521,1.263,-0.33,-0.142,0
-0.147,1.393,1.573,-0.543,0,0
0.422,3.294,-0.51,-0.203,-0.133,0
0.693,1.99,-0.31,0.179,-0.114,0
3.151,0.54,0.227,0.216,-0.061,0
3.151,0.54,0.227,0.216,-0.061,0
0.992,2.133,-0.294,-0.152,-0.11,0
0.155,0.773,1.795,1.076,0.553,0
0.116,0.318,0.43,0.708,1.304,0
3.568,-0.29,0.157,-0.071,-0.044,0
1.471,1.344,0.444,0.155,-0.226,0
0.757,2.97,-0.461,-0.192,0.151,0
1.496,2.131,-0.356,-0.297,0.746,0
0.842,2.641,-0.46,0.229,-0.123,0
2.452,-0.211,0.222,0.166,-0.061,0
2.059,1.344,-0.213,-0.103,-0.061,0
0.606,2.024,2.367,-0.615,-0.322,0
3.046,0.977,-0.226,0.142,0.246,0
0.414,2.374,0.941,0.511,-0.258,0
0.734,2.346,1.115,-0.346,-0.17,0
2.32,1.249,0.329,0.161,-0.075,0
0.214,1.31,1.792,-0.597,-0.244,0
0.228,0.845,1.897,-0.56,-0.294,0
0.228,0.845,1.897,-0.56,-0.294,0
3.66,0.423,0.357,0.362,-0.11,0
1.304,1.082,0.306,0.137,0.104,0
1.304,1.082,0.306,0.137,0.104,0
0.775,1.66,0.962,0.452,0.246,0
0.158,0.531,0.944,1.576,-0.531,0
0.289,0.806,1.815,-0.756,-0.331,0
0.11,0.469,0.73,0.647,0,0
0.55,2.399,1.564,-0.498,0,0
0.152,0.428,0.846,2.32,-0.756,0
0.869,1.714,0.503,0.308,-0.296,0
0.169,0.397,0.678,1.654,-0.651,0
2.039,0.855,0.166,0.124,0.102,0
0.091,0.283,0.337,0.456,0,0
0.682,1.98,1.237,-0.433,-0.517,0
0.13,0.56,1.377,1.336,-0.43,0
0.669,1.976,1.71,-0.43,0,0
0.669,1.976,1.71,-0.43,0,0
0.387,2.211,0.643,0.32,-0.136,0
2.833,0.582,-0.131,0.178,0.105,0
1.878,0.892,0.76,1.61,-0.446,0
0.338,1.216,2.052,0.729,-0.238,0
0.737,2.989,0.968,-0.351,0.208,0
0.171,0.958,2.044,-0.762,-0.596,0
1.572,2.779,-0.409,0.265,0.271,0
2.168,1.537,0.842,0.709,-0.195,0
2.699,-0.264,-0.105,0.094,-0.049,0
0.184,1.246,1.751,-0.499,-0.21,0
0.316,1.008,1.844,-0.54,-0.305,0
0.39,1.961,0.67,0.452,0,0
0.815,1.8,-0.29,0.217,-0.304,0
0.143,0.542,1.313,1.501,-0.864,0
0.241,0.511,0.665,2.272,-0.859,0
1.338,1.555,0.496,0.517,1.038,0
-0.966,1.326,-0.329,-0.176,-0.15,0
1.022,2.181,0.53,-0.223,0,0
0.438,3.131,-0.521,0.324,0.76,0
0.282,1.08,2.744,-0.726,0,0
0.154,0.52,0.484,-0.534,0,0
0.148,1.153,1.199,-0.34,-0.169,0
0.595,2.984,-0.599,-0.252,-0.174,0
1.977,1.376,-0.303,0.236,-0.095,0
2.713,0.666,1.063,-0.273,-0.106,0
1.508,1.749,0.569,-0.174,0,0
0.148,0.435,0.924,2.222,-0.722,0
0.966,2.286,-0.293,-0.149,-0.116,0
2.007,1.997,-0.478,-0.163,-0.101,0
1.304,2.43,0.802,0.643,-0.194,0
0.626,2.386,-0.481,0.321,-0.136,0
2.089,0.673,0.148,0.194,-0.138,0
0.699,1.752,1.249,-0.341,0,0
0.341,1.523,-0.519,0.373,-0.13,0
1.386,1.298,-0.23,0.109,0.095,0
0.303,0.609,0.474,1.427,-0.811,1
0.318,0.811,0.818,0.821,0.86,1
0.655,1.054,1.372,-0.724,1.77,1
0.105,0.576,0.342,0.83,0,1
0.541,2.145,-0.562,-0.228,-0.141,1
1.039,2.271,1.699,-0.369,-0.168,1
0.151,0.642,1.454,1.281,-0.716,1
0.6,1.405,2.477,-0.701,-0.272,1
0.747,1.029,1.346,-0.998,1.722,1
0.96,1.09,0.513,1.114,0.729,1
0.48,1.502,2.495,-0.692,0.402,1
0.125,0.548,0.795,0.836,0,1
0.362,0.688,1.513,0.699,0.52,1
0.266,0.711,1.002,1.138,0.536,1
0.105,0.594,0.326,-0.808,0,1
0.734,0.647,1.387,0.556,0.451,1
-0.073,-0.25,-0.445,1.539,-1.184,1
0.141,0.64,0.922,1.899,0,1
0.482,0.917,1.435,-0.835,-0.762,1
0.443,0.705,0.759,1.27,0.92,1
0.955,1.445,1.608,0.716,0.689,1
0.218,0.659,1.048,2.194,-0.904,1
0.871,0.961,1.468,1.132,1.339,1
0.12,0.443,0.325,-0.318,0.904,1
0.328,1.09,2.044,1.063,1.043,1
1.752,1.47,1.261,-0.437,0.648,1
0.137,0.519,0.76,1.611,0,1
0.53,1.273,1.002,0.733,-0.692,1
0.424,0.745,0.766,1.225,1.068,1
0.184,0.496,0.514,1.117,1.106,1
0.66,0.885,1.552,-0.425,0.345,1
0.302,0.581,2.031,1.122,1.408,1
0.35,0.585,0.907,2.188,1.632,1
0.389,0.55,0.897,1.13,0,1
0.704,0.758,1.516,1.905,-0.85,1
0.15,1.057,0.645,1.318,1.157,1
0.515,0.457,1.714,1.058,-0.36,1
1.437,1.91,1.583,0.563,-0.165,1
0.459,0.541,1.959,1.106,-0.785,1
0.387,0.474,1.643,2.735,-0.624,1
0.87,2.27,1.651,0.636,-0.192,1
0.209,0.463,0.654,1.13,0,1
0.287,0.531,0.696,1.883,0,1
1.115,0.331,1.24,2.039,1.045,1
0.096,0.433,0.631,2.096,-0.896,1
0.324,0.917,1.098,2.418,-0.86,1
-0.105,0.697,1.461,0,0,1
0.284,0.976,2.743,-0.786,-0.392,1
0.181,0.479,1.833,-0.925,-0.387,1
0.106,0.772,0.327,1.13,0.969,1
-0.115,0.697,1.321,1.713,0,1
0.486,1.117,0.534,-0.587,1.164,1
0.178,0.299,0.516,1.123,1.037,1
0.209,0.617,0.883,1.338,0.705,1
0.312,0.538,1.261,0.777,0,1
0.567,0.863,1.979,-0.496,0.416,1
0.192,0.638,0.498,0.73,1.219,1
0.28,0.552,0.725,1.926,-0.783,1
1.186,2.573,1.102,0.344,0.194,1
0.278,0.72,0.442,1.172,-0.538,1
0.37,1.143,2.195,-0.54,-0.577,1
0.136,0.766,-0.584,2.249,0,1
0.999,2.847,0.928,0.438,-0.144,1
0.377,0.801,2.391,-0.743,-0.506,1
0.833,2.441,1.525,0.436,-0.162,1
0.297,0.661,2.416,-0.789,1.02,1
0.454,0.779,1.472,1.167,-0.397,1
0.432,0.615,1.981,-0.682,0.457,1
1.146,1.426,1.665,-0.464,0.846,1
0.135,0.68,1.173,1.552,0,1
0.296,1.085,2.155,-0.596,-0.31,1
0.186,0.487,0.289,0.693,0,1
0.369,1.313,1.405,-0.574,-0.313,1
0.302,0.915,2.528,-0.668,-0.52,1
0.662,0.862,1.361,0.827,-0.796,1
1.155,2.218,1.672,-0.313,-0.166,1
0.22,0.709,1.048,1.3,-0.721,1
0.939,1.4,1.587,1.303,-0.455,1
0.313,0.654,1.664,0.789,0.66,1
0.122,0.561,0.927,0,0,1
0.41,2.154,1.28,0.836,1.02,1
0.152,0.52,0.92,1.652,-0.749,1
0.137,0.587,1.131,0.668,0.544,1
0.2,0.764,0.892,1.241,-0.772,1
0.539,0.555,2.047,1.247,1.558,1
0.656,3.296,-0.554,0.722,0.378,1
0.546,0.449,2.054,0.936,1.639,1
0.186,0.699,0.514,0.797,0,1
0.079,0.293,0.883,-0.332,-0.419,1
0.324,1.166,2.049,0.952,-0.677,1
0.295,0.921,1.125,1.018,0,1
0.208,0.897,0.738,1.64,-0.648,1
0.195,0.419,1.9,1.248,1.47,1
0.174,0.938,0.513,1.097,0.886,1
0.365,0.876,0.9,1.509,0,1
0.077,-0.088,0.197,-0.326,0,1
0.576,0.551,1.96,1.163,1.59,1
0.328,1.09,2.044,1.063,1.043,1
0.721,1.473,1.911,0.746,1.298,1
0.363,0.802,1.001,1.568,-0.936,1
0.954,1.444,1.608,0.716,0.689,1
0.098,0.307,0.415,1.045,-0.403,1
0.358,0.471,2.017,0.907,0.39,1
0.294,1.074,0.746,1.111,-0.805,1
0.132,0.456,0.442,-0.498,1.078,1
0.836,2.717,1.521,-0.364,-0.173,1
0.266,0.478,1.972,1,0.602,1
0.283,1.136,2.694,-0.661,0.77,1
0.465,0.499,2.231,0.939,0.589,1
0.332,1.281,0.901,1.925,-0.568,1
0.219,0.562,0.59,1.387,0,1
0.414,0.577,0.988,1.104,0,1
0.421,1.494,1.362,1.755,0,1
0.223,0.497,1.054,1.099,0,1
0.106,0.387,0.835,0.639,0,1
0.216,0.796,0.792,1.752,0,1
0.156,0.678,1.319,0.914,0,1
1.371,0.965,0.751,0.638,0.325,1
0.356,1.13,2.504,-0.678,-0.344,1
0.395,0.526,0.974,0.965,0,1
0.453,1.5,1.71,0.959,0.989,1
0.545,0.752,2.025,-0.604,-0.363,1
1.231,1.554,2.102,-0.409,-0.219,1
0.081,0.552,0.265,0.6,0,1
0.677,1.384,1.891,0.778,0.913,1
0.231,0.52,0.871,1.957,0,1
0.618,0.884,1.435,1.215,-0.349,1
0.646,0.378,1.547,0.796,0.72,1
1.136,2.373,1.464,-0.3,-0.168,1
0.657,2.528,1.186,0.882,-0.241,1
1.002,1.378,1.598,1.22,-0.531,1
0.523,0.813,1.771,1.27,0.758,1
0.62,1.132,2.107,1.763,0,1
0.098,0.335,0.564,0.887,1.862,1
0.418,0.603,2.147,1.006,-0.831,1
-0.114,-0.497,-0.851,-0.818,-0.459,1
0.296,0.584,0.554,1.044,1.251,1
0.223,0.609,1.516,0.618,0,1
0.304,1.005,0.773,1.871,1.331,1
0.747,0.593,1.381,1.936,1.205,1
0.543,1.229,1.472,1.902,-0.541,1
0.442,0.747,0.436,1.08,0.996,1
1.352,2.625,0.972,-0.205,-0.12,1
0.214,1.201,0.711,1.41,0.764,1
0.143,0.184,0.869,-0.496,-0.817,1
-0.235,0.726,0.866,1.448,0,1
0.222,0.672,-0.637,2.422,-1.051,1
0.315,1.213,0.769,1.048,0.786,1
0.413,2.223,1.258,0.713,0.951,1
0.58,0.542,1.528,0.834,0.478,1
1.173,1.814,1.537,0.741,-0.208,1
0.432,0.961,1.246,0.865,2.116,1
0.305,1.08,0.845,2.245,-0.67,1
0.779,2.109,1.791,-0.419,-0.159,1
0.672,0.602,0.686,2.131,-0.569,1
0.238,0.809,2.106,-0.604,-0.711,1
0.406,2.574,2.009,-0.413,-0.177,1
0.25,0.735,0.944,2.285,0,1
0.279,2.161,0.845,1.08,-0.375,1
0.199,0.584,1.436,0.621,1.315,1
0.204,0.779,0.901,1.357,0,1
-0.063,0.752,1.637,1.324,0.991,1
0.851,2.025,0.903,0.524,0.634,1
0.598,0.932,2.187,1.787,-0.49,1
0.52,0.985,1.236,1.072,1.783,1
0.089,0.322,0.591,0.521,-0.299,1
0.651,2.706,0.894,0.903,-0.32,1
0.175,0.516,0.862,1.92,-0.775,1
0.116,0.719,1.221,0,0,1
0.211,0.785,0.6,2.162,-0.935,1
0.384,1.323,-1.087,-0.618,-0.488,1
0.532,1.06,0.93,2.435,-0.708,1
0.613,1.064,1.877,-0.556,-0.302,1
0.103,0.597,0.979,2.278,-0.879,1
0.124,0.426,0.948,0.71,0,1
0.857,1.331,2.092,-0.545,-0.263,1
0.635,1.011,2.131,1.184,0.832,1
0.102,0.452,0.519,0.462,-0.305,1
0.235,1.131,0.581,1.918,0,1
0.239,0.589,2.461,0.899,0,1
1.383,0.79,2.558,-0.547,-0.257,1
0.995,1.846,0.799,1.53,-0.462,1
0.348,0.602,2.488,-0.748,0.714,1
0.121,0.74,0.345,1.219,0,1
0.305,1.048,1.192,1.328,-0.969,1
0.285,0.786,0.953,-0.399,0,1
0.271,0.811,0.913,2.122,0,1
0.428,0.5,2.038,0.733,0.449,1
0.504,2.242,0.645,0.684,0.845,1
0.14,0.312,0.314,0.351,0.922,1
0.396,1.382,1.724,1.114,-0.452,1
1.178,0.625,1.634,0.618,0.273,1
0.826,1.279,1.977,-0.533,0.347,1
0.258,0.861,0.683,1.026,0,1
0.178,0.698,0.508,0.776,0,1
0.121,0.671,1.375,0,0,1
0.353,0.583,1.946,0.937,0.682,1
0.586,1.146,1.123,2.144,-0.7,1
0.819,1.963,1.105,1.48,-0.357,1
0.561,1.17,1.464,1.012,1.311,1
0.106,0.635,0.252,0.453,0.944,1
0.584,1.796,1.607,1.431,-0.338,1
0.294,0.523,2.163,1.14,1.487,1
0.436,0.734,0.685,1.698,-1.012,1
0.16,0.374,0.269,0.482,0,1
0.108,0.412,0.517,1.09,0,1
0.123,0.402,0.892,0.635,0,1
0.604,1.316,1.722,0.669,1.196,1
0.399,0.66,2.966,-0.691,0.462,1
0.103,0.411,0.718,-0.632,1.311,1
0.287,0.883,0.887,0.842,0,1
0.709,2.371,1.326,0.602,0.86,1
0.136,0.717,1.145,1.897,0,1
0.278,0.809,-0.855,1.768,-0.699,1
0.242,0.679,2.17,-0.68,0.545,1
0.978,0.816,1.927,-0.591,0.989,1
0.109,0.445,0.879,0.87,0,1
-0.095,-0.39,-0.636,1.812,0,1
0.49,1.113,1.751,1.019,1.024,1
0.285,1.391,1.712,2.097,0,1
0.785,2.821,1.234,0.699,0.367,1
0.396,0.676,3.044,-0.554,0.514,1
0.098,0.693,0.294,0.912,1.322,1
0.143,0.947,0.779,1.17,0,1
0.518,0.45,1.335,1.317,2.015,1
0.13,0.695,0.415,-0.786,0,1
0.84,2.23,1.577,-0.333,-0.157,1
1.591,1.104,1.237,0.729,0.636,1
0.312,1.078,1.058,1.277,0,1
0.295,0.966,1.56,-0.458,0.4,1
0.122,0.689,0.398,-0.736,0,1
0.23,0.926,1.236,2.243,0,1
0.567,0.51,1.018,1.576,-0.617,1
0.234,0.722,1.274,0.732,1.318,1
0.538,0.682,1.767,1.165,1.541,1
0.093,0.435,0.763,0.792,0,1
0.961,1.392,1.215,0.476,1.277,1
0.28,0.553,0.725,1.927,-0.783,1
0.384,3.147,1.699,-0.41,-0.172,1
-0.164,0.342,0.758,1.911,-1.145,1
0.45,0.721,1.903,1.228,1.565,1
0.494,2.368,1.053,0.752,-0.291,1
0.189,0.543,0.212,1.125,1.457,1
0.449,0.592,1.338,1.247,1.999,1
0.557,0.596,1.601,1.204,0.683,1
0.892,1.352,1.659,0.861,0.854,1
0.208,0.617,0.643,1.657,0,1
0.863,2.356,1.69,0.594,-0.184,1
0.298,1.666,1.496,1.471,-0.607,1
0.231,0.885,1.375,-0.405,-0.198,1
0.475,0.984,1.695,-1.032,-0.825,1
0.242,0.421,-0.247,1.066,1.571,1
0.132,0.515,0.665,1.668,0.674,1
0.326,0.7,0.62,1.886,-0.972,1
0.912,0.791,0.893,1.416,0.563,1
0.243,0.495,0.455,1.268,1.067,1
0.117,0.509,0.828,0.749,0,1
0.31,0.953,1.54,1.066,-0.639,1
0.695,1.215,1.535,-0.318,-0.267,1
0.889,1.076,2.289,0.786,-0.379,1
0.316,0.742,0.73,1.221,-0.88,1
0.393,1.401,1.688,1.137,-0.451,1
0.106,0.468,0.906,0.825,-0.558,1
0.582,0.496,0.81,1.548,-0.667,1
0.874,2.65,1.256,0.584,-0.191,1
0.505,0.534,2.077,-0.799,0,1
0.493,2.223,1.209,1.384,-0.442,1
0.298,1.13,0.75,1.29,-0.74,1
0.705,1.623,1.774,0.726,1.199,1
0.321,0.674,0.745,2.252,2.087,1
0.408,0.563,1.687,1.186,-0.912,1
0.2,0.591,1.458,0.632,1.286,1
0.129,0.969,0.707,1.683,-1.009,1
0.999,1.822,-0.428,-0.452,0.447,1
0.36,0.689,2.035,1.434,1.627,1
0.334,0.871,0.905,0.884,0.785,1
1.2,1.449,1.806,-0.52,-0.191,1
0.221,0.939,0.865,1.636,0,1
1.37,0.965,0.75,0.638,0.325,1
0.197,1.125,0.623,1.191,0.831,1
0.223,0.603,0.703,2.053,1.019,1
1.598,1.054,1.336,0.808,0.732,1
0.219,0.695,1.079,1.107,-0.635,1
0.172,0.526,0.524,1.262,0,1
0.121,0.172,0.165,-0.439,1.005,1
0.092,0.372,0.458,0.579,0,1
0.093,0.443,0.752,2.5,0,1
0.499,0.901,-0.659,-0.638,0.313,1
0.4,1.26,1.809,0.906,0.799,1
0.126,0.68,0.408,0.754,1.24,1
0.411,0.785,1.7,1.012,0,1
1.533,1.529,-0.416,0.391,-0.578,1
0.225,0.958,2.428,-0.813,1.215,1
0.31,0.496,1.401,1.696,1.766,1
0.611,1.37,2.296,-0.706,-0.255,1
-0.069,0.51,0.812,1.442,-0.572,1
0.202,0.733,0.89,0.343,1.266,1
-0.154,-0.237,-0.372,1.003,1.676,1
0.278,1.134,2.136,0.838,1.005,1
0.307,0.846,2.121,1.537,1.264,1
0.658,1.518,1.368,1.077,1.151,1
0.496,0.764,2.141,-0.605,0.721,1
0.171,-0.298,-0.509,-1.084,-0.995,1
0.235,0.673,1.025,1.332,-0.6,1
0.465,2.779,1.315,0.605,-0.19,1
0.345,0.931,1.287,1.046,0.381,1
-0.235,-0.709,-1.258,-1.135,-0.58,1
0.618,1.385,1.77,1.338,-0.361,1
-0.266,0.638,0.731,1.742,0,1
0.234,1.176,0.888,0.714,0,1
-0.076,0.341,0.592,1.026,0,1
0.226,0.837,2.81,-0.819,-0.392,1
1.147,0.598,1.717,0.635,-0.248,1
0.27,0.832,2.618,1.274,0.872,1
1.62,1.209,1.446,0.716,0.837,1
0.181,0.455,0.553,0.831,-0.398,1
0.445,0.875,1.472,1,1.207,1
0.149,0.64,0.936,2.099,-0.722,1
0.838,0.258,1.82,0.769,0.428,1
0.195,0.443,0.755,0.65,0.758,1
0.88,2.242,1.602,0.587,-0.178,1
0.46,1.211,0.488,-0.501,0,1
0.16,0.991,0.508,1.083,1.006,1
0.959,2.302,1.197,0.369,-0.176,1
0.127,0.422,0.942,1.954,-0.795,1
0.431,0.681,2.374,-0.694,0.691,1
0.348,1.079,1.385,1.109,0.688,1
1.011,2.776,1.053,0.474,-0.168,1
0.607,0.586,1.667,1.078,-0.395,1
0.768,1.512,0.929,0.469,0.63,1
0.127,0.605,0.837,0.873,-0.751,1
0.397,1.067,1.781,1.328,1.095,1
0.214,0.508,0.631,0.927,0,1
0.881,1.289,1.726,1.098,0.834,1
0.499,0.351,0.358,1.423,1.371,1
0.691,0.817,2.021,-0.679,-0.683,1
0.109,0.451,0.87,0.832,0,1
0.47,0.435,1.759,0.743,0.422,1
0.509,1.904,1.168,-0.309,-0.273,1
0.323,0.577,0.736,1.267,0,1
0.517,1.513,1.587,1.471,-0.451,1
0.409,0.349,1.832,1.081,-0.749,1
0.297,0.556,0.522,1.111,-1.014,1
0.537,0.405,1.611,0.681,0.694,1
0.255,1.037,0.547,0.772,0,1
0.233,0.685,0.936,2.078,-0.9,1
0.331,0.729,0.666,1.338,1.339,1
0.382,0.701,1.966,1.669,1.539,1
0.175,0.412,0.37,1.379,-0.728,1
0.639,0.617,1.573,0.633,0.493,1
1.058,1.379,1.66,1.283,-0.444,1
0.352,0.541,2.17,0.79,0.371,1
0.307,0.853,2.321,0.792,-0.633,1
0.251,0.474,0.627,1.311,2.021,1
0.616,0.753,2.194,-0.546,-0.23,1
0.374,0.712,1.286,0.826,0.543,1
0.165,0.588,0.705,1.854,0,1
0.891,1.352,1.66,0.861,0.854,1
0.562,1.018,1.647,-0.43,0.918,1
0.532,0.434,1.216,1.443,1.977,1
0.699,1.203,1.834,0.804,0.999,1
0.271,0.641,0.805,2.283,-1.064,1
0.615,0.985,1.8,-0.563,0.401,1
0.852,1.655,2.298,-0.528,-0.219,1
0.985,2.644,0.805,0.394,-0.171,1
0.648,0.754,1.927,1.265,-0.528,1
0.173,0.349,0.624,1.579,-1.115,1
0.444,1.556,2.208,-0.526,-0.355,1
0.493,0.807,2.059,-0.724,0.521,1
0.205,0.671,1.484,1.258,1.718,1
1.077,0.335,-1.057,1.496,1.241,1
1.393,1.619,1.684,-0.428,-0.158,1
0.252,0.619,2.605,1.36,1.06,1
0.089,0.511,0.279,0.573,0,1
0.222,1.185,0.632,0.977,1.181,1
0.276,0.534,0.372,1.3,0.761,1
0.213,0.605,1.485,0.623,0,1
0.259,0.861,0.785,2.039,0,1
0.89,1.93,1.45,1.343,-0.285,1
0.295,0.837,1.527,2.826,-0.816,1
0.306,0.483,1.901,1.404,1.526,1
0.993,1.201,1.998,0.768,0.428,1
0.678,0.655,1.833,1.735,0.846,1
1.322,2.248,1.092,0.679,-0.187,1
0.834,0.372,1.216,1.957,1.105,1
0.1,0.408,0.771,0.75,0,1
0.28,0.56,2.257,0.949,1.396,1
0.317,1.008,2.523,-0.625,0.478,1
0.839,1.08,1.333,-1.124,1.503,1
0.174,0.727,1.782,1.152,-0.627,1
0.216,0.336,0.652,1.634,1.03,1
0.287,0.938,1.769,-0.593,-0.357,1
0.226,0.567,0.709,0.957,0.945,1
0.685,3.172,-0.565,0.623,0.39,1
0.268,0.558,0.412,1.417,0.709,1
1.09,1.212,1.154,0.432,0.239,1
1.139,0.662,2.77,-0.607,-0.242,1
0.446,0.611,2.199,0.807,1.199,1
0.16,0.599,1.513,0.893,-0.462,1
0.603,2.469,0.961,1.279,-0.361,1
1.329,1.413,0.913,0.69,1.283,1
0.366,1.292,0.89,0.819,0.444,1
0.248,0.601,0.681,0.993,1.2,1
0.278,2.076,0.841,1.383,-0.414,1
1.047,2.068,1.532,-0.297,-0.138,1
0.335,0.705,0.587,1.756,-1.04,1
0.198,0.639,1.029,0.671,1.312,1
-0.165,0.458,0.662,1.811,-1.284,1
-0.426,-0.74,1.046,-0.529,-0.319,1
0.516,1.19,0.935,0.766,-0.709,1
0.303,1.333,1.895,-0.562,0,1
0.127,0.732,0.356,1.236,0,1
0.21,0.45,0.747,0.946,0,1
0.142,1.011,0.624,1.292,0,1
0.773,2.314,1.457,0.646,0.835,1
0.314,0.665,0.361,1.111,0.659,1
0.822,1.043,1.901,1.127,1.375,1
0.31,1.226,0.86,1.086,0.689,1
0.327,0.51,1.476,-1.004,1.941,1
0.133,0.506,1.022,0.84,-0.477,1
0.37,0.488,1.665,2.657,-0.785,1
0.182,0.614,0.629,0.449,0,1
0.162,0.753,0.951,1.923,0,1
0.673,0.596,0.65,2.123,-0.553,1
1.305,0.795,1.715,0.884,0.562,1
0.54,1.666,1.936,1.432,-0.431,1
0.627,2.967,-0.547,1.082,-0.279,1
0.431,0.475,1.736,1.339,1.742,1
0.103,0.453,0.788,2.483,-0.904,1
0.116,0.471,0.873,2.121,-0.681,1
0.487,1.881,1.522,1.629,-0.476,1
-0.118,0.497,0.8,1.743,-0.776,1
0.075,0.359,1.007,1.857,-0.832,1
0.579,2.812,0.757,0.495,0.699,1
-0.104,-0.438,-0.816,-0.886,0,1
0.289,1.059,1.928,-0.874,1.442,1
0.336,0.81,0.796,0.968,0.921,1
0.415,1.692,1.53,0.901,1.131,1
0.951,0.414,1.981,-0.633,0.34,1
0.346,0.526,1.47,1.195,1.876,1
0.344,1.233,2.288,0.942,1.1,1
1.167,2.286,0.792,0.269,-0.134,1
0.439,0.896,1.934,0.769,0,1
0.132,0.517,0.811,2.237,0,1
0.221,0.754,1.001,1.235,0,1
0.431,2.627,1.902,-0.469,-0.194,1
0.345,1.261,1.718,1.312,-0.712,1
-0.147,-0.297,-0.468,1.205,0,1
0.418,0.767,0.368,1.507,-0.647,1
0.423,0.607,1.774,0.993,1.777,1
1.013,2.31,1.406,0.748,-0.207,1
0.161,0.685,0.912,2.073,0,1
0.87,1.053,0.731,0.57,0.851,1
2.038,2.236,-0.452,-0.132,-0.083,1
0.128,0.788,0.52,1.231,0,1
0.537,1.104,1.705,1.35,0,1
-0.072,0.661,1.134,1.246,0.76,1
0.502,2.603,0.912,0.986,0.547,1
1.476,1.929,1.524,-0.3,-0.122,1
0.177,0.546,0.556,1.665,1.184,1
0.621,0.433,1.557,0.719,0.719,1
0.132,0.515,0.665,1.668,-0.674,1
0.208,0.406,0.625,1.704,1.572,1
0.149,0.536,0.941,1.808,-0.623,1
0.233,0.543,0.622,1.316,0,1
0.318,0.964,0.848,-0.477,0,1
0.538,1.103,1.581,-0.509,-0.267,1
0.156,0.464,0.533,0.801,-0.423,1
0.395,0.644,3.005,-0.542,0.52,1
0.458,1.129,0.473,-0.542,1.27,1
0.523,1.005,1.486,0.892,-0.351,1
0.606,2.201,1.476,1.27,-0.276,1
0.216,0.732,0.77,1.698,0.843,1
0.214,0.546,0.415,1.385,-0.702,1
0.132,0.543,1.111,1.6,-0.551,1
0.743,1.36,-0.776,1.141,-0.308,1
0.95,0.555,1.311,1.481,1.496,1
0.352,1.119,1.644,-0.634,-0.324,1
1.177,0.625,1.634,0.618,0.273,1
0.49,0.442,1.683,1.071,-0.371,1
0.114,0.465,0.749,0.635,0,1
0.544,1.256,1.727,0.884,1.175,1
0.307,0.499,1.35,1.557,1.779,1
0.78,1.52,1.042,1.115,1.255,1
0.729,1.166,1.935,0.736,1.285,1
1.056,2.294,1.553,-0.396,-0.163,1
0.195,0.443,0.755,0.65,0.758,1
0.202,0.596,1.494,0.648,1.14,1
0.219,0.484,-0.573,-1.097,-0.629,1
-0.523,-0.751,-0.851,-0.583,1.304,1
0.636,0.675,1.915,1.531,0.725,1
1.249,2.548,1.009,0.749,-0.182,1
0.064,0.286,0.689,0.449,-0.448,1
0.202,0.486,0.528,1.473,-0.81,1
0.928,2.511,-0.43,0.97,-0.284,1
0.908,0.772,1.949,1.827,-0.504,1
1.604,0.991,1.616,0.869,0.765,1
0.377,0.801,2.391,-0.743,-0.506,1
0.476,1.125,0.832,1.147,-0.518,1
0.099,0.378,0.766,0.692,0.502,1
0.763,1.414,1.484,-0.299,-0.313,1
0.251,1.268,0.739,0.863,0,1
0.179,0.878,0.698,1.531,0,1
0.671,0.593,2.116,1.026,1.258,1
0.426,0.754,1.966,0.915,1.399,1
0.149,0.513,0.622,1.332,0.851,1
0.176,0.472,1.928,-0.583,0,1
0.487,1.881,1.522,1.629,-0.476,1
0.544,2.494,1.148,1.169,-0.355,1
0.52,0.38,0.535,1.639,0.997,1
0.528,0.949,1.6,-0.418,1.071,1
0.182,0.515,0.739,1.773,0,1
0.328,0.517,1.49,0.888,1.952,1
0.454,0.99,1.292,0.833,2.049,1
0.627,0.871,1.992,-0.54,-0.384,1
0.31,1.211,0.923,2.254,-0.569,1
0.31,0.953,1.54,1.066,0.639,1
0.305,0.921,1.172,2.318,-0.814,1
0.272,0.527,0.821,1.185,1.092,1
0.433,2.88,0.945,0.65,-0.23,1
0.099,0.789,-0.833,1.781,-0.602,1
0.119,0.804,0.373,1.278,0,1
0.082,0.343,0.429,-0.823,2.113,1
0.696,0.788,1.702,2.166,0,1
1.231,1.8,0.877,1.553,-0.374,1
0.94,1.464,1.335,0.546,1.342,1
0.457,1.035,1.066,0.84,0,1
0.706,0.837,1.422,0.916,1.748,1
0.961,1.678,1.486,0.932,0.726,1
0.272,0.699,0.419,1.115,-0.529,1
0.297,0.545,0.349,1.286,0.849,1
1.208,1.688,-0.517,-0.256,-0.178,1
0.202,0.733,0.89,-0.343,1.266,1
0.208,0.824,1.253,1.792,-0.738,1
0.292,0.317,0.71,1.238,0.913,1
0.511,0.487,1.832,1.094,-0.397,1
0.755,1.187,0.829,1.122,0.604,1
1.339,1.765,1.763,-0.355,-0.144,1
0.394,2.329,0.972,0.7,0.875,1
0.785,2.823,1.235,0.7,0.367,1
0.503,0.813,1.844,0.772,1.597,1
0.427,0.565,1.723,1.149,1.763,1
0.213,0.962,2.447,-0.78,1.386,1
1.103,0.633,2.839,-0.626,-0.248,1
0.333,1.906,1.197,0.714,1.378,1
0.544,2.493,1.148,1.169,-0.355,1
0.474,0.731,0.957,1.803,-0.634,1
0.115,0.594,1.195,0.942,-0.477,1
0.334,0.58,0.978,2.097,1.297,1
0.302,0.581,2.032,1.122,1.408,1
0.341,1.223,1.633,1.285,0,1
-0.118,0.62,1.462,0.949,0,1
0.271,0.544,0.439,1.434,0.851,1
0.31,-0.812,1.327,-0.465,0.513,1
0.173,0.362,0.693,1.387,-0.804,1
1.139,0.662,2.77,-0.607,-0.242,1
0.305,1.2,1.679,1.386,0,1
0.174,0.709,2.382,-0.877,1.723,1
0.253,0.292,0.594,1.273,0.993,1
0.49,0.722,-1.086,-0.999,-0.785,1
0.851,2.024,0.903,0.524,0.634,1
0.094,0.392,0.477,1.763,0,1
0.103,0.435,0.622,1.844,-0.797,1
0.789,1.414,1.1,1.857,-0.593,1
0.36,0.588,0.784,1.501,1.115,1
0.096,0.498,0.84,0.849,0,1
0.509,1.904,1.168,-0.309,-0.273,1
0.448,0.675,1.287,1.033,2.068,1
0.225,0.618,1.494,0.633,1.451,1
1.22,2.523,0.772,0.863,-0.24,1
0.098,0.451,0.767,2.514,0,1
0.121,0.544,0.494,0.468,1.522,1
0.187,0.422,0.393,1.4,-0.748,1
0.247,0.563,0.768,1.569,-0.961,1
1.02,0.605,1.869,1.409,0.755,1
0.25,0.757,1.124,1.021,-0.579,1
0.207,0.87,0.664,2.123,-0.786,1
0.277,0.805,1.301,0.64,0,1
0.451,2.116,-0.46,0.391,0.465,1
0.199,0.636,0.753,1.258,0,1
0.904,1.135,1.596,-0.505,0.859,1
0.21,0.822,2.42,1.258,1.277,1
0.525,1.543,1.83,1.724,-0.479,1
0.201,0.734,0.887,0.34,1.24,1
0.13,0.623,0.993,2.13,-0.793,1
0.886,1.555,2.311,-0.56,-0.228,1
0.189,0.61,0.518,0.791,1.297,1
1.029,1.651,1.821,0.625,-0.207,1
0.593,0.593,1.714,1.154,-0.419,1
0.16,0.566,-1.3,-0.748,-0.354,1
-0.058,-0.256,-0.448,-0.954,0,1
0.326,0.571,0.31,1.106,0,1
0.32,1.033,2.29,1.106,1.171,1
0.105,0.517,0.332,0.829,0,1
0.174,0.854,0.867,0.584,-0.46,1
0.418,0.58,1.723,1.108,-0.776,1
0.258,0.699,0.836,2.133,0,1
0.149,0.513,0.622,1.332,0.851,1
0.27,0.812,2.105,0.852,0.415,1
0.172,0.473,0.679,1.616,-0.756,1
0.325,0.815,1.529,1.28,1.95,1
0.444,0.698,2.216,0.741,0.647,1
0.182,0.796,1.385,1.726,-0.639,1
0.122,0.512,0.828,1.683,0,1
-0.094,-0.341,0.691,-0.623,0,1
0.305,0.599,0.826,1.921,-0.636,1
0.698,2.407,1.776,0.749,-0.224,1
0.162,0.632,0.746,1.327,-0.638,1
0.328,1.144,0.872,1.914,-0.704,1
0.335,0.809,0.806,0.954,0.865,1
0.211,0.32,0.595,1.601,1.188,1
0.535,1.65,1.336,1.805,-0.458,1
1.031,0.584,1.866,1.532,-0.672,1
0.641,1.284,2.266,1.508,-0.421,1
1.392,1.958,0.902,0.615,1.069,1
0.317,1.119,2.004,-0.864,0,1
0.556,2.03,0.841,-0.264,-0.257,1
0.251,0.511,1.136,1.042,0,1
-0.184,0.485,-0.671,-0.982,0,1
0.585,0.629,1.867,0.911,-0.407,1
0.211,0.874,2.555,1.074,1.181,1
0.178,0.702,1.728,1.329,-0.822,1
1.317,0.82,1.56,1.641,-0.503,1
0.596,0.671,1.581,1.095,0.583,1
0.301,1.086,2.021,0.933,1.105,1
0.301,0.538,0.551,1.29,0,1
0.597,1.133,1.896,-0.601,-0.231,1
0.226,0.842,1.019,2.022,-0.738,1
0.213,0.325,0.7,1.941,1.284,1
0.381,1.368,1.608,0.783,-0.601,1
0.213,0.51,0.977,1.266,1.975,1
0.602,1.077,1.397,-0.581,1.484,1
0.997,1.578,1.248,-0.353,0.979,1
0.234,0.359,0.756,1.917,1.346,1
1.109,2.194,1.666,-0.357,-0.145,1
0.374,3.148,1.502,0.533,-0.174,1
0.892,1.429,0.88,1.151,-0.472,1
1.327,1.433,2.092,-0.415,-0.168,1
0.265,1.079,2.209,-0.673,-0.831,1
0.76,1.029,1.582,0.89,-0.673,1
0.776,1.633,1.504,0.733,0.619,1
0.461,0.809,0.511,1.196,0.839,1
0.349,0.794,2.317,0.913,1.411,1
0.522,0.539,1.575,1.194,1.138,1
0.118,0.497,0.8,1.743,0.776,1
0.813,0.951,2.084,1.058,1.043,1
0.081,0.332,0.424,-0.699,1.923,1
0.497,0.378,1.876,2.463,-0.698,1
0.15,0.652,0.695,-0.969,0,1
0.111,0.452,0.574,1.57,0.892,1
0.403,0.391,1.954,1.141,-0.683,1
0.264,0.936,1.734,0.998,1.148,1
0.697,1.068,1.811,0.515,-0.298,1
0.108,0.402,0.264,-0.23,0,1
0.151,0.82,0.63,1.777,-0.828,1
0.532,2.657,-0.51,0.449,0.698,1
0.396,0.629,1.525,1.985,0,1
1.014,0.653,1.828,1.07,1.297,1
0.227,0.303,0.59,1.548,0.964,1
0.125,0.794,0.66,2.03,0,1
0.315,1.189,2.53,-0.638,-0.517,1
0.403,-0.648,2.077,-0.693,0.832,1
0.497,0.773,2.066,-0.596,0,1
0.264,0.984,0.623,0.73,0.869,1
0.123,0.447,0.743,2.028,-0.833,1
0.122,0.827,0.475,1.191,0,1
0.257,1.029,2.142,1.26,0,1
0.136,0.458,0.449,-0.51,1.155,1
0.2,0.506,0.833,0.837,0,1
0.316,0.67,2.039,0.978,1.835,1
0.423,0.691,2.491,0.941,0.758,1
0.565,1.167,1.552,-0.516,1.483,1
0.61,1.225,1.108,1.224,-0.431,1
0.547,1.069,1.007,2.259,-0.731,1
0.322,1.981,1.185,0.856,1.153,1
0.104,0.565,1.153,0.918,-0.487,1
0.269,0.725,2.656,1.374,0.893,1
0.441,0.794,1.914,0.962,1.607,1
0.195,0.854,1.671,0.779,0.477,1
0.28,0.619,0.735,0.937,0,1
0.573,0.733,2.036,-0.445,0.642,1
0.493,1.572,1.564,1.509,-0.349,1
0.388,0.577,0.743,1.54,1.1,1
0.499,0.351,0.358,1.423,1.371,1
0.205,0.351,-0.866,1.614,-0.935,1
0.24,0.551,0.647,1.204,1.426,1
0.564,0.408,1.901,-0.56,0.432,1
0.143,0.394,0.731,2.066,0,1
0.215,0.376,0.637,1.861,1.246,1
1.402,0.893,1.488,1.385,-0.652,1
0.48,0.656,1.949,1.496,1.357,1
0.786,0.546,1.548,1.737,-0.757,1
0.348,0.808,0.61,0.932,1.497,1
1.205,0.722,2.709,-0.604,-0.236,1
0.983,1.915,1.802,-0.662,-0.197,1
0.201,0.892,0.909,1.008,-0.476,1
0.544,0.698,2.078,-0.483,0.685,1
0.221,0.845,0.919,2.423,0,1
0.567,0.907,1.464,-0.617,-0.492,1
0.544,2.082,0.905,0.603,-0.405,1
0.513,0.545,1.953,0.979,-0.547,1
0.689,1.289,2.224,1.191,-0.418,1
0.229,0.718,0.778,1.253,0,1
0.109,0.697,0.322,0.579,0,1
0.125,1,0.65,1.428,0,1
0.179,0.781,2.473,-0.787,1.537,1
0.321,0.648,0.388,1.075,0,1
0.168,0.49,0.542,1.816,-0.7,1
0.562,0.458,1.509,0.664,0.622,1
1.105,2.762,1.049,-0.25,-0.149,1
0.895,0.559,1.321,1.421,1.516,1
1.103,0.633,2.839,-0.626,-0.249,1
0.279,0.676,1.059,0.924,0,1
0.962,1.664,1.233,-0.71,1.043,1
0.214,0.601,2.278,-0.771,-0.904,1
0.834,2.046,0.955,1.252,-0.456,1
0.929,0.343,1.27,1.584,1.263,1
0.204,0.411,0.654,1.529,1.854,1
0.813,2.258,1.171,1.007,0.786,1
0.543,0.509,1.485,1.332,1.757,1
0.554,0.741,2.498,-0.842,-0.405,1
-0.142,0.613,0.589,1.203,-0.848,1
1.059,2.209,0.967,-0.361,-0.145,1
0.141,0.56,1.008,0.828,0,1
0.371,0.535,1.803,1.079,-0.646,1
1.21,1.967,1.315,0.986,-0.323,1
0.465,0.871,1.689,0.758,-0.313,1
0.967,1.624,1.716,1.028,-0.406,1
1.116,2.206,1.501,-0.407,-0.147,1
0.391,1.409,1.394,1.683,-0.481,1
0.195,0.731,1.117,1.89,-0.709,1
0.102,0.514,0.336,0.813,0,1
0.541,0.852,2.056,-0.463,0.378,1
0.295,1.018,1.938,1.108,1.46,1
0.893,0.6,1.39,1.399,1.392,1
0.795,0.861,1.896,1.715,0,1
0.367,1.632,1.455,0.562,-0.387,1
0.124,0.629,0.39,0.669,1.234,1
0.718,1.183,1.79,-0.473,-0.394,1
0.376,1.33,2.043,0.818,0.969,1
0.228,0.673,1.563,1.307,0,1
0.291,0.9,0.781,2.319,-0.814,1
0.173,0.497,0.616,1.917,-0.738,1
0.459,0.973,1.448,0.678,-0.351,1
0.204,0.739,0.812,1.878,-0.9,1
0.226,0.949,0.954,0.603,0,1
1.303,2.465,0.634,0.761,-0.31,1
0.583,0.594,1.341,0.676,0.537,1
0.117,0.705,0.671,1.585,-0.878,1
1.053,0.573,1.927,1.495,-0.636,1
0.242,0.533,0.693,1.327,-0.668,1
0.651,2.707,0.894,0.903,-0.321,1
0.525,1.542,1.83,1.723,-0.478,1
0.914,1.734,0.614,-0.217,-0.11,1
0.564,0.46,2.157,0.906,0.501,1
0.261,0.293,0.61,1.27,0.929,1
-0.319,0.635,0.881,1.262,1.014,1
0.653,2.546,1.427,0.868,-0.228,1
0.146,0.532,0.866,1.36,-0.487,1
0.321,3.02,1.304,0.677,-0.201,1
0.287,0.931,2.156,0.902,1.253,1
0.109,0.517,0.866,1.565,-0.879,1
0.567,0.511,1.018,1.577,-0.617,1
0.25,0.958,0.713,2.169,0,1
0.308,0.604,2.103,0.896,0.547,1
0.5,0.731,1.058,1.347,-0.397,1
0.301,1.086,2.021,0.933,1.105,1
0.15,0.635,1.424,1.116,-0.667,1
0.312,0.847,1.561,2.785,-0.707,1
0.403,1.093,2.39,-0.687,0,1
0.314,1.029,1.379,1.96,0,1
0.29,0.824,2.081,-0.602,0.402,1
0.421,0.573,1.775,1.341,1.099,1
0.169,0.523,0.539,1.885,0,1
0.909,2.114,0.864,-0.23,-0.106,1
0.135,0.483,0.456,-0.493,1.108,1
1.366,1.527,1.842,-0.418,-0.15,1
0.806,1.226,1.88,1.044,0.721,1
-0.136,-0.397,0.703,-0.743,1.456,1
0.44,0.526,1.648,1.108,1.932,1
0.172,0.768,0.899,0.826,-0.247,1
0.262,1.101,2.179,-0.672,-0.56,1
0.305,0.599,0.826,1.92,-0.635,1
0.442,0.623,2.162,0.915,0.612,1
0.567,2.412,1.066,1.286,-0.362,1
0.601,0.905,2.106,1.777,-0.519,1
0.497,0.85,2.082,1.021,0.69,1
0.16,0.566,1.141,-0.499,-0.534,1
-0.268,0.813,-1.164,1.662,0,1
0.36,1.301,0.931,1.889,-0.615,1
0.449,2.339,1.345,1.411,-0.354,1
0.125,0.568,0.883,0.887,0,1
0.464,2.4,2.177,-0.387,-0.207,1
0.302,0.65,1.298,1.893,-0.499,1
0.353,0.956,0.749,1.758,-0.72,1
0.222,0.436,0.52,1.207,1.687,1
0.877,0.255,2.422,-0.667,-0.416,1
0.354,1.042,2.617,-0.728,-0.385,1
0.19,0.449,0.561,1.624,-0.781,1
0.197,0.705,1.65,1.02,-0.52,1
0.21,0.749,2.928,0.986,-0.491,1
0.252,0.687,0.823,1.845,0,1
0.257,0.757,1.331,0.757,1.26,1
0.172,0.411,1.958,0.959,-1.005,1
1.027,0.821,1.077,1.064,0.469,1
0.455,0.43,1.707,1.484,1.698,1
0.347,0.96,2.339,-0.753,0.433,1
0.788,2.615,1.061,0.653,0.542,1
0.458,0.77,0.527,1.142,0.997,1
0.356,0.807,1.508,1.552,-1.006,1
0.693,0.627,0.716,2.078,-0.564,1
0.362,0.399,1.622,1.423,0.671,1
1.02,2.502,1.043,-0.343,-0.167,1
0.504,1.435,1.551,-0.378,-0.239,1
0.436,2.86,0.927,1.081,-0.321,1
0.142,0.308,0.613,1.503,1.886,1
0.061,0.277,0.686,-0.248,-0.275,1
0.293,1.319,1.76,1,1.248,1
0.999,1.019,1.141,0.752,-0.279,1
1.062,1.602,1.669,-0.576,-0.203,1
0.236,0.772,2.184,-0.608,0.365,1
0.093,0.613,1.14,1.183,0,1
0.459,0.709,2.144,1.706,-0.58,1
0.137,0.695,1.079,1.63,0,1
0.367,1.673,-0.402,-0.351,0.624,1
0.212,0.585,0.688,1.343,1.256,1
0.494,2.367,1.052,0.751,-0.291,1
0.138,0.655,1.024,0,0,1
0.517,0.837,1.659,0.895,-0.548,1
0.814,0.334,2.258,-0.651,-0.394,1
0.507,1.163,0.873,0.814,-0.73,1
0.15,0.827,0.947,1.827,0,1
0.951,2.365,-0.493,-0.183,-0.101,1
0.472,3.202,-0.686,0.624,0.457,1
0.863,0.685,1.928,1.896,-0.536,1
0.232,0.77,1.629,0.881,-0.4,1
0.356,0.881,0.803,1.905,-0.772,1
0.234,0.576,0.718,0.945,-1.009,1
0.207,0.658,1.056,0.616,1.462,1
0.259,1.255,2.004,-0.496,-0.265,1
0.361,0.686,2.173,0.775,0.733,1
0.367,0.416,1.871,1.073,0.757,1
0.345,0.688,0.766,2.2,1.909,1
0.287,0.816,1.133,1.041,0.354,1
0.243,0.505,0.473,1.348,-0.844,1
0.215,0.611,1.407,-0.446,0.477,1
0.15,0.391,0.778,2.21,-0.693,1
-0.107,-0.515,-0.666,-1.526,0,1
0.306,0.483,1.901,1.404,1.526,1
0.357,0.901,1.058,1.343,0.75,1
0.455,1.412,2.148,1.31,-0.515,1
0.254,0.422,1.865,1.307,1.838,1
1.14,1.366,1.219,1.11,-0.672,1
0.406,1.016,1.186,2.047,0,1
0.253,0.481,1.122,-1.007,2.337,1
0.232,0.776,0.783,1.646,0,1
0.507,1.592,0.943,1.732,-0.538,1
0.2,1.042,0.604,1.051,0,1
-0.052,0.651,1.207,1.263,0,1
0.328,0.774,0.772,1.417,0,1
0.321,1.232,1.665,2.405,-0.653,1
0.08,0.263,0.868,0.476,-0.479,1
0.984,2.097,1.249,0.781,-0.23,1
0.324,1.044,1.513,1.037,0.666,1
0.47,0.566,2.063,1.201,0.704,1
1.067,0.501,1.841,0.782,-0.249,1
0.139,0.635,0.518,0.514,1.456,1
-0.092,-0.391,-0.537,-0.685,0,1
0.289,0.869,1.597,2.632,-0.796,1
0.569,0.908,2.019,-0.531,-0.226,1
0.483,0.926,1.565,0.679,-0.34,1
0.508,3.092,1.04,0.693,-0.255,1
0.414,2.453,2.164,-0.4,-0.212,1
1.057,1.935,1.325,-0.473,-0.183,1
0.416,0.71,2.024,1.498,-0.592,1
0.128,0.598,0.394,0.602,1.315,1
-0.067,-0.286,-0.585,1.797,-0.687,1
0.365,0.526,2.424,0.918,0.957,1
0.679,0.656,1.835,1.737,0.847,1
1.091,0.86,1.686,0.658,-0.263,1
0.584,1.413,2.371,-0.653,-0.275,1
-0.239,0.7,0.858,1.292,1.084,1
0.885,0.328,1.847,0.751,0.387,1
0.373,1.299,1.945,0.86,1.325,1
0.475,0.363,1.871,2.417,-0.68,1
1.147,0.598,1.717,0.636,-0.247,1
-0.195,0.932,1.388,-0.707,0.988,1
0.797,1.249,1.456,-0.451,-0.173,1
0.326,0.457,1.856,1.601,1.48,1
0.157,0.642,0.459,0.761,0,1
0.564,1.168,1.752,-0.494,-0.229,1
1.393,2.061,1.372,0.577,-0.16,1
0.469,0.495,1.153,1.905,0,1
0.935,1.688,0.593,0.627,-0.207,1
0.391,0.905,0.689,0.987,0,1
0.305,0.94,1.637,-0.982,1.584,1
0.563,1.167,1.752,-0.494,-0.229,1
0.219,0.912,0.941,-0.551,0.883,1
0.244,0.562,2.09,0.839,0.6,1
0.96,0.431,1.293,1.326,0.919,1
0.253,0.872,2.363,-0.585,-0.327,1
0.717,1.183,1.79,-0.473,-0.394,1
0.122,0.724,1.25,1.292,-0.496,1
0.769,2.192,1.816,0.518,-0.194,1
1.157,2.253,1.342,-0.457,-0.158,1
0.446,0.59,2.048,0.884,0.666,1
-0.069,-0.273,-0.57,1.198,1.274,1
0.458,0.924,1.97,-0.625,1.592,1
0.304,1.152,2.568,-0.646,-0.638,1
1.317,0.82,1.56,1.641,-0.503,1
0.774,1.042,2.066,-0.652,0.797,1
0.192,0.292,0.551,1.358,0.978,1
0.374,1.348,1.521,1.562,-0.498,1
0.331,1.163,1.909,1.493,1.117,1
1.079,2.082,1.781,-0.401,-0.172,1
0.169,0.729,1.159,1.954,-0.764,1
0.353,0.827,1.318,0.986,-0.473,1
0.92,1.144,2.172,0.776,0.471,1
0.223,0.75,2.305,1.019,1.273,1
0.335,2.761,-0.515,1.349,-0.331,1
0.921,1.678,0.559,0.668,0,1
-0.104,0.767,1.296,1.229,0.665,1
0.594,0.557,2.291,1.121,0.557,1
0.233,0.385,1.589,1.504,2.106,1
0.209,0.543,0.432,1.936,-0.74,1
0.37,0.517,1.821,2.47,-0.766,1
0.169,0.732,1.461,1.432,-0.481,1
0.7,2.43,1.251,0.542,0.786,1
0.249,0.569,0.933,2.165,-1.034,1
0.23,0.724,2.633,1.233,0.64,1
0.48,0.509,1.364,1.578,-0.978,1
-0.323,0.674,1.197,-0.9,-0.738,1
0.577,0.895,1.831,-0.673,1.464,1
0.618,0.567,1.996,1.247,1.241,1
0.504,1.435,1.551,-0.378,-0.239,1
0.28,0.685,2.126,-0.687,0.477,1
0.421,0.674,1.826,0.894,1.511,1
0.158,0.378,1.059,-0.398,0.495,1
0.229,0.802,1.485,-0.791,1.559,1
0.959,0.755,1.611,0.942,1.499,1
0.32,0.822,0.849,0.806,0.824,1
0.394,2.694,-0.586,1.585,-0.456,1
0.421,1.073,1.838,1.101,0,1
0.411,1.046,0.669,0.982,-0.332,1
0.74,2.402,1.721,-0.458,-0.17,1
0.535,0.876,1.788,-0.853,1.208,1
0.34,0.664,2.174,1.207,1.763,1
0.319,1.059,2.039,-0.751,1.249,1
0.316,0.62,1.236,-0.518,0,1
0.072,0.376,0.657,1.93,-0.578,1
-0.195,0.854,1.671,-0.779,-0.477,1
0.486,1.176,0.879,1.356,-0.58,1
0.161,0.177,-0.167,0.714,-0.937,1
1.205,0.721,2.708,-0.604,-0.236,1
0.229,0.649,0.876,2.198,-1.007,1
0.203,0.689,0.793,-0.401,1.49,1
0.182,0.731,1.465,1.308,-0.537,1
0.325,0.854,1.639,1.221,1.817,1
0.298,0.642,1.59,0.778,0.713,1
1.474,1.911,1.588,-0.271,-0.123,1
-0.081,-0.263,-0.581,-0.581,1.145,1
0.53,0.45,2.178,0.994,0.6,1
0.371,1.254,1.56,0.698,-0.355,1
0.328,1.369,2.046,1.131,1.141,1
0.59,0.973,1.521,1.282,1.441,1
0.135,0.142,-0.153,-0.663,1.232,1
0.162,0.532,0.652,1.32,1.052,1
0.369,0.48,1.833,1.151,0.58,1
0.736,0.75,1.83,2.181,-0.552,1
1.283,2.381,1.223,-0.348,0.221,1
0.636,0.675,1.915,1.532,0.726,1
0.337,1.199,1.959,1.051,-0.714,1
0.198,0.677,1.169,1.591,-0.513,1
0.257,0.392,0.77,0.966,0.786,1
0.148,0.583,0.452,0.711,0,1
0.419,0.601,1.127,1.045,0.554,1
0.562,2.578,-0.598,0.433,0.491,1
0.278,1.134,2.136,-0.838,1.005,1
1.3,1.38,1.811,-0.522,-0.189,1
1.078,0.9,2.517,-0.649,0.383,1
0.479,0.357,1.891,2.419,-0.677,1
0.107,0.415,0.631,1.861,-0.632,1
0.147,0.971,0.89,1.085,0,1
1.067,0.502,1.841,0.783,-0.249,1
0.222,0.433,0.684,1.743,0,1
1.004,0.527,1.608,1.904,0.718,1
0.548,0.611,1.954,-0.61,-0.361,1
0.115,0.514,0.733,0.725,0,1
0.558,0.41,1.943,-0.497,0.44,1
0.284,0.742,1.263,1.047,-0.379,1
0.774,1.042,2.066,-0.652,0.796,1
0.21,0.454,0.517,-0.731,0,1
0.141,0.297,0.561,1.412,1.812,1
0.31,0.502,1.452,1.496,1.734,1
0.912,0.79,0.893,1.416,0.563,1
0.252,0.623,1.68,-0.671,2.141,1
0.452,0.759,0.523,1.077,0.982,1
1.158,2.391,1.307,-0.248,-0.129,1
0.101,0.629,0.293,0.74,1.562,1
0.37,0.81,0.888,1.628,-1.039,1
0.152,0.526,0.835,0.862,0.997,1
0.201,0.714,1.576,1.345,1.486,1
1.117,2.852,0.805,-0.284,-0.154,1
0.589,0.656,1.452,0.485,0.376,1
0.911,1.035,0.613,0.808,0.827,1
0.276,1.265,2.349,-0.651,0,1
0.409,0.753,1.935,0.942,1.234,1
0.367,1.258,1.592,1.568,0,1
0.75,1.367,1.504,-0.44,-0.162,1
0.145,1.035,0.63,1.289,0,1
0.114,0.615,-0.664,2.074,-0.841,1
0.127,0.724,0.292,0.52,0,1
0.195,0.425,0.699,1.953,1.493,1
1.072,0.89,2.556,-0.668,-0.373,1
0.112,0.514,-0.887,1.609,-0.794,1
0.423,1.251,1.84,-0.554,-0.524,1
0.697,1.043,1.942,0.84,1.487,1
0.399,1.039,2.427,0.899,0.413,1
0.443,0.99,1.752,0.943,0.927,1
0.109,0.441,0.876,0.757,0,1
0.429,1.231,2.523,-0.798,0.623,1
0.135,0.43,0.436,-0.241,0,1
0.557,1.247,2.436,-0.623,-0.281,1
0.981,1.569,1.487,1.172,-0.597,1
0.574,0.97,1.125,1.16,1.802,1
-0.259,0.619,0.87,1.167,-1.013,1
-0.087,-0.335,-0.82,-1.28,-0.787,1
0.687,1.871,0.637,0.378,-0.286,1
0.134,0.399,0.524,1.404,0,1
1.702,1.179,1.153,0.712,-0.547,1
1.013,1.817,1.977,-0.461,-0.174,1
0.803,0.396,2.035,-0.54,0.5,1
0.394,1.646,0.848,0.448,0.299,1
0.139,0.422,0.463,1.517,0.961,1
0.43,1.043,1.193,2.294,1.079,1
0.234,0.48,1.111,-0.947,2.373,1
1.506,0.815,2.557,-0.502,-0.268,1
0.65,1.237,1.356,0.992,1.502,1
0.99,2.64,0.721,0.803,-0.271,1
-0.115,0.619,0.902,1.714,-0.828,1
0.219,1.263,0.836,0.971,0.568,1
0.201,0.424,0.782,2.001,0,1
0.319,1.231,0.761,1.386,-0.735,1
0.538,1.104,1.581,-0.509,-0.268,1
0.839,1.302,1.472,-0.408,-0.14,1
0.214,0.954,0.683,1.696,-0.645,1
1.971,2.302,-0.412,-0.137,-0.089,1
1.083,0.58,1.967,1.264,1.061,1
0.596,0.187,1.576,0.863,-0.569,1
0.14,0.784,0.345,0.566,0,1
0.215,0.771,0.837,1.89,0,1
0.251,0.964,1.656,-0.753,1.305,1
0.796,1.215,0.822,0.415,0.89,1
0.172,0.638,1.644,0.85,-0.454,1
0.153,0.563,0.462,0.703,0,1
0.146,0.557,0.918,1.846,-0.459,1
0.879,0.72,1.949,1.896,-0.52,1
0.12,0.773,0.493,1.222,-0.679,1
0.119,0.654,0.257,0.404,0.873,1
0.192,0.629,1.019,0.704,1.2,1
0.4,0.887,1.77,1.122,-0.716,1
0.181,0.721,0.527,0.791,0,1
0.411,0.736,2.119,0.839,-0.451,1
1.615,1.576,-0.423,0.484,0.555,1
0.828,2.41,1.261,0.484,-0.155,1
0.469,0.548,1.694,1.319,1.587,1
0.722,1.094,1.433,-0.935,1.467,1
1.175,1.208,2.314,-0.469,-0.284,1
0.337,1.325,1.531,0.701,-0.457,1
0.186,0.769,1.214,0.71,-0.211,1
0.109,0.697,0.322,0.579,0,1
0.814,0.951,2.084,1.058,1.044,1
0.542,1.011,1.81,0.796,1.37,1
-0.102,0.724,1.211,1.293,-0.592,1
0.298,0.611,0.498,1.293,1.02,1
-0.144,-0.563,-1.041,-0.916,0,1
0.554,0.624,1.504,1.151,0.627,1
0.255,0.747,1.72,0.953,0.448,1
0.245,0.37,0.738,0.929,0.739,1
0.169,1.034,0.889,1.278,0,1
0.612,3.149,-0.747,0.85,-0.389,1
0.444,1.333,2.26,1.261,-0.565,1
0.539,0.653,2.008,0.62,0.753,1
0.496,1.171,2.48,0.947,-0.352,1
1.058,2.479,-0.455,1.436,-0.286,1
0.681,1.257,2.31,1.406,0,1
1.116,2.347,1.606,-0.317,-0.156,1
0.539,0.711,1.794,1.127,1.429,1
0.554,0.219,1.588,0.873,-0.602,1
0.133,0.487,0.98,-0.558,0.643,1
0.212,0.746,0.905,-0.393,1.21,1
0.384,0.425,1.9,1.008,-0.408,1
0.226,0.609,0.58,1.347,0,1
0.153,0.55,1.112,1.995,-0.851,1
0.411,0.834,0.82,1.409,0,1
0.545,2.094,1.311,0.607,-0.2,1
0.417,0.567,0.905,1.194,0,1
0.514,0.545,1.953,0.979,-0.547,1
0.074,0.352,0.808,1.879,-0.616,1
-0.115,0.482,-0.579,-0.875,0,1
0.652,1.177,1.718,-0.463,0.681,1
0.385,0.67,2.206,0.839,0.794,1
0.194,0.652,1.007,1.213,-0.438,1
0.315,1.126,1.037,1.181,1.419,1
0.225,0.964,0.972,-0.559,0.887,1
0.807,1.647,1.476,1.16,-0.411,1
0.551,0.418,2.13,0.91,0.485,1
0.313,1.214,0.8,1.077,0.748,1
0.44,0.728,0.847,1.453,-0.995,1
0.736,2.344,0.998,0.618,0.733,1
0.319,1.171,0.956,1.831,-0.771,1
0.228,0.844,1.007,2.52,-0.974,1
0.616,0.753,2.195,-0.547,-0.231,1
0.541,0.493,0.741,1.654,-0.626,1
1.232,1.285,1.167,0.435,0.239,1
0.679,0.639,1.928,0.926,0.535,1
0.218,0.331,0.468,1.11,1.845,1
0.11,0.502,0.868,0.864,0,1
0.556,0.612,2.482,0.969,0.477,1
0.572,2.888,-0.527,0.836,-0.365,1
0.646,2.708,-0.576,0.369,0.56,1
0.301,1.256,1.688,2.351,-0.71,1
0.22,0.535,0.665,1.348,0,1
0.28,0.859,2.111,1.339,1.17,1
0.694,0.627,0.716,2.079,-0.564,1
0.2,0.506,0.833,0.837,0,1
0.857,0.542,1.612,1.853,0.767,1
0.572,2.468,1.182,0.83,-0.371,1
1.098,1.264,2.397,-0.485,-0.22,1
0.518,0.819,2.246,1.016,1.261,1
0.671,1.885,1.554,0.742,1.02,1
0.242,0.723,1.084,2.037,0,1
0.279,0.701,0.936,1.152,0,1
0.12,0.398,0.845,2.126,-0.77,1
0.2,0.666,0.749,-0.366,1.391,1
0.343,0.927,1.783,1.192,1.546,1
0.198,0.67,0.768,-0.384,1.48,1
0.367,0.51,0.946,0.886,0.64,1
0.188,0.518,0.22,0.999,1.675,1
0.155,0.328,0.534,1.662,-0.889,1
0.25,0.891,0.891,2.313,0,1
0.215,0.523,0.517,1.435,-0.934,1
0.591,1.23,1.482,0.806,1.528,1
0.245,0.521,0.79,1.135,1.037,1
0.964,1.478,1.244,0.845,1.184,1
0.911,1.413,1.862,1.071,-0.4,1
0.93,1.519,1.315,0.766,1.126,1
0.119,0.654,0.257,0.404,0.873,1
0.383,0.394,1.807,1.108,-0.72,1
0.582,0.401,1.882,1.017,0,1
0.108,0.397,0.45,0.421,-0.36,1
0.966,1.848,1.467,0.741,0.612,1
1.363,1.641,1.936,-0.367,-0.153,1
-0.321,-0.599,1.496,0.806,-0.366,1
0.103,0.427,0.643,1.374,0.984,1
0.407,2.613,2.02,-0.406,-0.186,1
0.63,1,1.738,1.238,1.264,1
0.53,0.921,2.206,-0.81,0.587,1
1.035,1.538,1.081,-0.549,-0.202,1
0.371,2.472,2.174,-0.429,-0.19,1
0.092,0.413,0.687,0,0,1
0.676,2.231,1.364,1.144,-0.307,1
-0.247,0.524,1.13,1.935,-0.977,1
1.102,0.874,1.714,0.641,-0.258,1
1.469,1.318,1.68,-0.469,-0.167,1
0.436,0.574,1.057,2.314,0,1
0.834,2.202,1.692,0.436,-0.182,1
0.239,0.753,-0.972,1.907,0,1
0.19,0.846,0.769,1.299,0.877,1
0.824,1.346,0.779,0.365,0.839,1
0.528,1.671,1.743,1.062,-0.239,1
0.123,0.915,0.777,1.984,-0.806,1
0.446,0.769,1.029,1.576,-0.504,1
0.624,1.052,1.45,1.287,1.331,1
0.558,0.474,2.098,0.861,1.547,1
0.95,0.555,1.311,1.481,1.495,1
0.455,0.842,1.864,-0.622,1.512,1
0.207,0.309,0.63,1.796,1.316,1
0.983,1.849,-0.384,-0.181,-0.116,1
0.403,1.026,1.205,1.809,1.525,1
0.069,-0.166,0.428,-0.408,0,1
0.609,0.63,1.411,0.539,-0.389,1
0.648,0.754,1.926,1.265,-0.528,1
0.337,0.682,0.799,2.159,1.867,1
-0.217,0.793,-0.519,1.583,-0.768,1
0.151,0.509,0.505,-0.312,0.944,1
0.111,0.397,0.8,0.683,0,1
-0.05,0.42,0.923,-0.357,-0.357,1
1.014,0.491,1.761,0.847,-0.239,1
0.661,0.798,1.355,0.796,-1.107,1
0.825,2.156,1.007,1.281,-0.436,1
0.927,2.496,1.039,0.798,-0.242,1
0.383,0.711,2.162,0.79,0.636,1
0.224,0.558,0.638,1.559,0,1
1.126,0.909,2.506,-0.595,-0.353,1
0.11,0.626,0.914,2.22,0,1
0.173,0.673,0.755,1.377,0.732,1
1.021,0.494,1.73,0.887,-0.244,1
0.231,0.661,2.467,1.153,1.191,1
0.284,0.923,0.672,0.668,0.874,1
0.591,1.121,1.492,-0.657,1.705,1
0.569,0.909,2.019,-0.531,-0.226,1
0.155,0.687,1.305,1.694,0,1
0.161,0.678,0.809,2.134,-0.854,1
0.936,2.357,1.622,0.519,-0.174,1
0.325,0.765,0.736,1.373,-0.677,1
0.553,0.38,1.665,0.714,0.69,1
0.612,0.593,1.924,1.406,1.257,1
0.314,1.186,1.595,1.327,-0.623,1
0.544,2.081,0.904,0.603,-0.404,1
0.744,0.889,1.878,1.601,-0.768,1
0.471,1.471,1.614,1.503,-0.515,1
0.175,0.414,0.364,1.345,-0.857,1
0.225,0.852,0.534,1.811,-1.058,1
1.322,1.284,2.042,-0.441,-0.179,1
0.096,0.62,1.14,1.164,0,1
0.306,1.124,0.888,1.904,-0.735,1
0.109,0.472,0.772,0.685,0.638,1
0.242,0.797,1.295,1.68,0,1
0.204,0.417,0.705,1.823,1.688,1
0.521,1.331,2.356,0.887,-0.3,1
0.597,1.132,1.895,-0.601,-0.231,1
0.778,1.791,-0.416,0.277,-0.263,1
0.114,0.591,0.939,0.909,0,1
0.596,0.496,1.501,0.652,0.705,1
0.512,0.87,-1.3,0.649,-0.324,1
1.309,0.768,1.781,1.657,-0.414,1
0.369,2.829,0.701,1.401,-0.329,1
-0.59,-1.327,-0.549,-0.647,0,1
0.228,0.881,0.792,2.501,0,1
0.446,0.59,2.048,0.884,0.666,1
0.099,0.534,0.854,-0.444,0,1
0.105,0.707,1.457,-0.562,0,1
0.316,0.783,0.865,1.369,1.196,1
0.148,0.672,1.092,1.526,0.648,1
0.738,0.57,2.037,-0.591,0.39,1
0.287,1.607,1.656,1.297,-0.484,1
0.426,1.016,0.8,1.009,-0.356,1
1.136,0.603,1.704,0.636,-0.259,1
0.098,0.692,0.303,0.712,0,1
0.114,0.501,0.939,0.882,-0.52,1
0.21,0.606,0.22,1.168,1.434,1
0.145,0.51,1.109,1.566,0,1
0.459,0.708,1.151,1.517,-0.511,1
1.707,1.574,0.449,0.381,0,1
0.598,1.595,2.137,0.705,-0.257,1
0.474,1.093,1.336,0.697,-0.376,1
1.236,1.986,1.835,-0.38,-0.167,1
0.099,0.661,0.363,0.649,0.65,1
0.118,0.542,0.738,0.954,1.411,1
0.272,0.719,0.413,1.061,-0.518,1
0.172,0.474,2.067,0.75,-0.702,1
-0.222,-0.565,-0.798,-0.931,-0.407,1
0.106,0.635,0.252,0.453,0.944,1
0.794,1.392,1.044,-0.629,-0.633,1
0.354,1.407,1.046,1.962,0,1
0.159,0.329,0.617,1.513,-0.873,1
0.445,0.965,2.056,0.958,1.31,1
0.23,0.749,2.933,-0.97,0.516,1
1.099,1.843,1.035,1.369,-0.462,1
1.013,2.312,1.531,-0.381,-0.162,1
0.268,0.832,0.727,2.286,-0.76,1
0.554,1.308,2.1,0.99,1.002,1
0.302,0.697,0.709,1.227,-0.737,1
0.584,0.843,1.965,0.939,1.358,1
0.402,0.659,1.536,1.769,-0.693,1
0.647,2.709,-0.576,0.369,0.56,1
0.677,0.443,1.584,-0.536,0.443,1
0.287,0.814,1.049,1.082,-0.349,1
1.256,2.372,1.134,-0.324,-0.129,1
1.053,0.573,1.926,1.495,-0.636,1
0.204,0.527,0.407,1.66,-0.714,1
0.159,0.686,1.129,1.911,0,1
0.237,0.789,1.023,2.106,-0.857,1
1.199,2.525,1.24,-0.326,-0.166,1
0.09,0.681,0.261,0.769,0,1
0.572,2.469,1.182,0.83,-0.371,1
0.435,0.761,0.772,1.192,1.157,1
0.582,1.276,1.749,1.478,-0.4,1
1.396,1.149,0.981,0.662,1.499,1
0.532,0.573,2.07,1.39,1.461,1
0.161,0.552,0.983,1.504,-0.933,1
1.048,1.726,1.747,0.696,-0.206,1
0.329,2.133,0.924,0.436,-0.326,1
0.979,1.545,1.49,0.576,1.144,1
0.715,0.847,1.805,2.094,-0.621,1
1.936,2.328,-0.422,-0.148,-0.093,1
0.209,0.433,0.623,1.429,2.012,1
0.168,0.704,0.758,1.268,1.578,1
0.647,0.86,1.755,0.993,1.422,1
1.299,1.229,0.921,0.608,1.533,1
1.03,1.402,1.403,-0.409,1.116,1
0.227,0.978,-0.604,2.218,-1.008,1
0.926,1.532,1.984,0.86,-0.244,1
0.672,0.596,0.65,2.122,-0.553,1
0.562,1.253,2.338,-0.668,-0.28,1
0.354,1.005,1.607,0.835,-0.338,1
0.329,0.8,0.792,0.957,0.873,1
0.135,0.768,0.322,0.546,0,1
0.891,0.909,1.041,0.848,-0.23,1
0.596,1.555,1.434,0.699,1.074,1
0.474,1.277,2.454,-0.761,0.791,1
0.873,1.694,1.54,-0.52,-0.207,1
0.517,1.118,2.514,1.132,-0.358,1
0.238,0.61,0.755,0.864,-0.918,1
0.465,1.193,1.433,1.55,-0.688,1
0.18,0.679,0.923,1.823,-0.782,1
0.279,1.93,0.803,1.596,0,1
1.213,0.697,1.807,1.233,0.647,1
0.107,0.622,1.23,0.944,0,1
0.327,0.659,0.765,2.197,2.149,1
0.272,0.821,1.667,0.89,-0.377,1
0.351,0.785,1.03,1.792,0,1
0.889,1.66,1.282,-0.371,-0.14,1
0.959,0.934,1.852,-0.615,0.965,1
0.225,0.363,0.738,1.63,-0.97,1
0.147,0.625,0.666,0.87,-0.562,1
0.52,0.38,0.535,1.64,0.998,1
0.409,0.648,1.572,2.168,-0.728,1
0.666,0.618,1.84,1.067,0.563,1
0.287,0.99,1.566,0.904,0,1
0.326,0.458,1.856,1.602,1.481,1
0.11,0.544,0.343,0.866,0,1
0.625,2.48,1.712,0.655,-0.201,1
1.309,0.768,1.78,1.657,-0.414,1
-0.085,0.562,0.929,0.957,-0.724,1
0.23,0.398,0.533,1.72,1.699,1
0.131,0.263,0.266,-0.386,0.786,1
1.139,2.421,1.189,0.572,-0.191,1
0.501,0.462,1.551,1.562,1.704,1
0.367,0.788,0.858,1.386,1.212,1
1.585,1.259,2.018,-0.585,-0.268,1
0.174,0.719,1.091,1.546,-0.581,1
0.173,0.63,1.636,0.917,-0.425,1
0.703,0.863,1.595,0.915,1.496,1
0.598,1.598,2.13,0.708,-0.255,1
0.822,1.508,0.87,1.312,1.497,1
0.77,2.304,1.032,0.764,0.957,1
0.572,1.309,1.464,1.936,-0.501,1
0.489,2.944,0.652,0.78,0.756,1
0.47,0.637,1.772,1.189,1.476,1
0.543,0.486,0.788,1.553,-0.668,1
0.58,1.224,1.911,1.786,-0.516,1
0.278,0.534,0.383,1.363,0.771,1
-0.206,0.938,1.674,-0.78,0.96,1
1.396,1.668,1.742,-0.369,-0.138,1
0.568,2.557,0.811,1.003,-0.411,1
0.134,0.462,0.877,1.248,1.302,1
0.779,1.671,1.253,0.648,0.587,1
0.191,0.787,1.295,1.728,-0.619,1
1.079,2.734,0.668,0.416,0.213,1
0.46,3.218,1.191,0.71,-0.206,1
0.274,0.798,1.154,2.06,-1.064,1
0.562,1.04,1.75,0.703,-0.33,1
0.348,0.602,2.488,-0.748,0.714,1
0.365,0.882,1.195,1.149,0.78,1
0.849,1.938,0.812,1.274,-0.446,1
0.379,0.714,0.898,1.607,1.214,1
0.166,0.724,1.742,1.007,0,1
0.975,1.07,2.241,-0.61,-0.294,1
0.483,2.622,0.749,0.834,0.691,1
0.179,0.742,1.648,1.419,1.107,1
0.371,2.963,-0.437,1.227,-0.389,1
0.445,0.809,2.027,1.442,0,1
0.12,0.715,0.427,0.846,0,1
0.628,1.023,2.13,1.307,-0.706,1
0.162,0.522,0.97,2.073,-0.849,1
0.422,1.478,1.702,1.155,-0.505,1
0.216,0.376,0.622,1.729,1.369,1
0.807,2.168,0.714,0.84,0.58,1
0.116,0.478,0.762,0,0,1
0.296,0.73,2.632,-0.761,0.493,1
0.376,1.218,1.497,0.859,-0.372,1
0.349,0.801,0.72,1.195,1.344,1
0.691,0.817,2.021,-0.679,-0.684,1
0.297,0.626,2.667,0.974,0.522,1
0.264,0.906,2.213,-0.609,-0.372,1
0.127,0.522,0.881,1.744,0,1
0.146,0.627,0.454,0.294,0.915,1
1.014,0.492,1.761,0.847,-0.24,1
0.299,0.849,1.679,-0.609,0.507,1
0.1,0.508,0.479,1.837,0,1
0.172,0.714,0.53,0.353,0.9,1
0.431,0.803,1.946,-0.764,0.523,1
0.602,0.504,2.298,0.889,-0.435,1
0.328,0.656,0.838,2.117,1.779,1
0.245,0.355,0.744,1.934,1.389,1
0.748,1.16,0.798,0.896,0.821,1
0.304,0.561,1.215,0.762,0,1
0.477,1.051,1.546,1.689,-0.494,1
0.222,0.577,0.607,1.784,-1.143,1
0.184,0.702,0.859,1.858,0,1
0.588,0.442,2.201,1.255,1.27,1
1.166,1.382,1.907,0.706,0.375,1
0.243,0.917,-0.659,2.233,-1.078,1
1.046,2.514,0.865,0.812,-0.214,1
0.121,0.575,0.967,0.943,0,1
0.539,1.666,1.935,1.431,-0.431,1
0.106,0.132,-0.145,0.47,0.892,1
0.136,0.214,0.237,0.45,0.847,1
0.473,1.072,2.299,1.088,0.91,1
0.538,0.834,2.371,-0.72,0.73,1
0.556,1.231,1.499,-0.436,1.254,1
0.363,0.44,1.951,1.01,0.719,1
-0.064,0.499,0.744,1.58,-0.992,1
0.42,0.629,2.321,-0.719,0.917,1
0.661,1.665,1.079,-0.371,-0.159,1
0.892,0.6,1.39,1.399,1.392,1
0.908,0.896,1.072,0.937,-0.23,1
0.881,1.29,1.726,1.098,0.834,1
1.435,2.509,1.087,-0.212,-0.111,1
0.143,0.546,0.624,1.11,0.548,1
0.223,0.367,0.57,1.789,1.503,1
-0.139,0.499,0.678,1.597,-1.029,1
0.3,0.715,0.781,2.231,-1.148,1
0.403,0.357,1.871,1.133,-0.724,1
0.885,0.328,1.847,0.751,0.387,1
0.155,1.232,0.554,1.047,1.079,1
0.245,0.727,1.122,1.739,-0.781,1
-0.426,-0.741,1.046,-0.53,-0.32,1
0.564,2.68,0.947,0.763,0.722,1
0.205,0.765,-0.71,2.161,-0.94,1
0.324,0.712,0.741,1.91,-0.908,1
0.197,1.015,0.616,1.156,0,1
0.234,0.758,0.7,1.06,0,1
1.027,0.82,1.077,1.064,0.469,1
0.258,0.378,1.122,1.364,-0.784,1
0.2,0.684,0.57,2.185,-1.039,1
0.441,0.596,2.27,0.923,0.602,1
-0.104,0.383,-0.446,0.673,0.845,1
0.306,0.593,1.177,0.805,1.005,1
0.607,1.628,2.083,0.694,-0.247,1
1.137,0.603,1.704,0.636,-0.26,1
0.36,0.984,1.417,1.034,-0.364,1
0.231,0.541,0.696,1.579,0,1
0.704,0.988,1.688,1.48,-1.12,1
0.645,0.607,1.681,0.867,1.106,1
0.352,0.733,2.174,1.247,1.489,1
0.365,0.526,2.425,0.918,0.958,1
0.493,2.223,1.209,1.384,-0.442,1
1.471,1.709,1.006,0.695,1.08,1
0.515,1.152,0.964,1.276,1.732,1
0.624,1.283,1.273,0.79,1.38,1
0.195,0.454,0.768,0.713,0.72,1
0.567,0.908,1.465,-0.616,-0.492,1
0.25,0.849,0.589,1.753,0,1
0.184,0.556,0.534,1.136,0,1
0.885,1.789,1.276,1.406,-0.496,1
0.487,2.897,-0.553,0.567,0.831,1
0.69,0.606,1.739,1.305,0.579,1
0.465,1.111,0.827,1.238,-0.55,1
-0.091,0.514,0.864,0.766,0.643,1
0.181,0.678,1.223,1.745,-0.508,1
0.249,0.468,1.136,-1.116,2.319,1
0.895,0.559,1.321,1.421,1.516,1
0.177,0.256,-0.164,0.891,1.044,1
0.195,0.454,0.768,0.713,0.72,1
0.248,0.947,2.06,-0.911,1.519,1
0.149,0.661,0.447,0.296,0.958,1
0.917,1.68,0.577,0.633,-0.2,1
0.733,0.594,2.011,-0.693,0.414,1
0.288,0.715,1.059,0.849,0,1
0.643,1.066,2.15,1.371,-0.557,1
0.355,1.988,1.185,0.51,-0.366,1
1.021,0.494,1.73,0.887,-0.244,1
0.214,0.744,0.912,2.221,-1.086,1
0.686,1.069,1.181,1.049,1.84,1
1.046,1.131,2.435,-0.497,-0.218,1
0.494,2.247,0.988,1.177,-0.411,1
0.146,0.554,0.714,2.295,0,1
-0.044,0.19,-0.186,-0.344,-0.488,1
0.201,0.734,0.887,-0.34,1.24,1
0.475,1.016,1.403,0.788,1.902,1
1.165,0.903,1.661,0.648,-0.264,1
0.269,0.524,0.711,-0.714,0,1
0.53,0.257,1.625,0.905,-0.513,1
0.444,0.698,2.216,0.741,0.647,1
0.431,0.628,1.293,1.116,2.116,1
0.275,0.953,2.482,1.212,0.904,1
0.383,2.978,-0.561,1.06,-0.35,1
0.242,0.395,1.444,1.722,2.137,1
0.274,0.75,0.942,0.397,0.78,1
0.274,0.76,0.937,-0.404,0,1
0.139,0.582,0.517,-0.638,0,1
-0.137,0.587,-1.131,-0.668,-0.544,1
0.226,1.179,0.639,0.92,1.018,1
0.36,0.797,0.594,1.179,1.337,1
0.951,0.414,1.982,-0.634,0.34,1
-0.079,-0.329,0.634,-0.597,0,1
0.185,0.746,1.31,1.934,-0.782,1
0.116,0.477,0.743,0.758,0,1
0.599,0.585,1.525,0.809,0.429,1
0.556,2.03,0.841,-0.264,-0.257,1
0.106,0.158,0.101,0.547,-0.672,1
0.367,0.768,1.073,1.582,-0.785,1
0.162,0.451,0.517,0.79,0,1
0.125,0.675,0.405,-0.755,0,1
0.762,1.809,0.869,0.456,0.298,1
1.308,2.352,1.289,-0.325,-0.129,1
0.117,0.557,0.742,-1.242,0,1
0.154,0.643,0.916,2.048,-0.818,1
0.443,1.345,1.675,0.769,0.708,1
0.356,1.082,2.255,-0.575,-0.644,1
0.113,0.47,0.856,0.597,-0.789,1
0.312,0.648,0.364,1.123,0.634,1
0.334,2.68,-0.536,1.172,-0.369,1
1.02,0.605,1.869,1.409,0.756,1
0.234,0.727,1.28,0.778,1.449,1
0.542,1.044,1.083,-0.775,-1.045,1
0.14,0.295,0.575,1.349,1.88,1
0.47,1.373,2.131,1.264,-0.616,1
0.175,0.548,-0.75,-1.084,1.037,1
0.212,0.746,0.905,0.393,1.21,1
0.089,0.509,0.626,1.248,-0.478,1
0.485,1.094,2.292,1.109,0.992,1
0.617,1.621,1.972,-0.6,-0.258,1
0.762,1.414,1.483,-0.299,-0.313,1
1.387,0.812,2.462,-0.564,-0.243,1
0.672,0.602,0.686,2.131,-0.569,1
-0.632,-0.881,-0.966,-0.868,-0.486,1
1.402,0.892,1.488,1.384,-0.652,1
0.138,0.65,1.206,1.528,0,1
1.201,1.655,1.1,0.458,-0.223,1
0.683,-1.082,1.528,-0.873,-0.347,1
0.227,0.878,0.548,1.898,1.184,1
0.567,0.671,1.702,1.233,1.604,1
0.278,1.63,1.856,1.155,-0.379,1
0.152,0.582,0.581,1.101,-0.482,1
0.599,3.057,0.933,0.59,-0.255,1
0.059,0.336,0.767,-0.21,-0.307,1
0.788,2.617,1.061,0.653,0.542,1
0.359,1.105,2.39,-0.658,0.947,1
0.119,0.614,0.866,2.237,-0.765,1
0.801,0.592,2.047,-0.555,0.367,1
0.097,0.434,0.746,0,0,1
0.103,0.576,0.331,0.82,0,1
0.249,0.964,2.085,1.071,0,1
0.302,0.555,0.595,1.213,-0.873,1
0.838,0.259,1.82,0.769,0.429,1
0.56,1.075,0.915,1.744,1.669,1
-0.098,0.67,1.582,-0.831,-0.387,1
0.365,1.356,0.965,0.581,0.381,1
1.017,1.215,1.091,0.409,0.233,1
0.157,0.511,1.162,-0.406,0.342,1
1.364,0.808,1.355,-0.511,-0.38,1
0.579,2.811,0.758,0.495,0.699,1
0.258,1.188,2.135,-0.667,-0.424,1
0.287,0.532,0.697,1.884,0,1
0.12,0.508,0.883,-0.698,0,1
0.318,0.911,1.096,1.985,0,1
0.384,0.852,0.76,1.245,0,1
1.214,1.807,1.98,-0.398,-0.16,1
0.613,2.804,0.67,0.927,0.56,1
0.249,0.381,0.719,0.869,0.708,1
0.195,0.587,0.56,1.021,0,1
0.495,2.469,-0.708,-0.278,-0.148,1
0.623,0.613,1.414,0.62,0.507,1
0.564,2.68,0.947,0.763,0.723,1
0.187,0.474,0.548,0.996,0,1
-0.079,0.719,1.372,1.245,0.819,1
0.257,0.596,1.601,-0.782,2.308,1
0.199,1.065,0.664,1.27,0,1
0.256,1.233,2.04,-0.547,-0.292,1
0.603,0.551,1.518,0.914,0.517,1
0.322,0.697,0.758,2.289,2.125,1
-0.142,0.501,-0.531,-1.14,0,1
0.437,1.43,2.477,-0.573,0.388,1
0.442,0.52,1.071,2.105,0,1
0.92,1.932,2.113,-0.448,-0.189,1
0.271,0.596,1.637,1.056,0,1
0.4,1.334,1.457,1.883,0,1
0.135,0.491,0.384,-0.37,1.116,1
0.471,0.782,0.408,1.563,-0.553,1
0.299,0.658,1.639,0.851,0.706,1
0.392,0.937,1.285,1.256,0.782,1
0.636,1.279,-0.573,-0.331,-0.269,1
1.443,1.953,0.7,0.559,0,1
0.603,0.722,1.57,-0.392,0.357,1
0.156,0.416,0.696,2.056,-0.688,1
0.633,0.802,2.23,-0.659,0,1
-0.106,-0.363,-0.401,1.3,0,1
0.293,1.106,0.792,2.263,-0.624,1
0.653,1.061,2.321,1.546,-0.401,1
0.781,1.25,0.793,0.383,0.816,1
1.031,0.584,1.866,1.532,-0.671,1
0.137,0.714,1.35,0.972,-0.63,1
